symbol,sector,price,rs_raw,roc_3m,roc_6m,rs_percentile,rs_h,rs_up,rank,rank_diff,rank_status
ATHERENERG,Automobile and Auto Components,1202.0,2.574950764843196,28.58,94.15,100,"[100, 100, 100, 100, 100]",False,1,0,stable
CPPLUS,Capital Goods,3431.2,2.198881177340586,47.61,148.66,100,"[100, 100, 100, 100, 100]",False,2,0,stable
HFCL,Telecommunication,188.39,1.4982017336791305,62.36,209.09,99,"[99, 99, 99, 99, 99]",False,3,2,up
ACUTAAS,Healthcare,3297.7,1.9034172234338789,27.12,90.84,99,"[99, 99, 99, 99, 99]",False,4,0,stable
PFOCUS,Media Entertainment & Publication,289.23,1.1015151546602209,-6.68,33.83,98,"[92, 92, 97, 97, 98]",False,5,3,up
NETWEB,Information Technology,4395.7,1.436404116471733,8.14,44.89,98,"[98, 98, 98, 98, 98]",False,6,1,up
KIRLOSENG,Capital Goods,2192.2,1.4717302805486911,29.09,100.01,98,"[99, 98, 98, 99, 98]",False,7,-4,down
LAURUSLABS,Healthcare,1758.9,1.0097437070686723,59.92,76.03,97,"[97, 97, 97, 97, 97]",False,8,1,up
WELCORP,Capital Goods,1643.1,0.938443427464867,30.14,128.38,97,"[94, 93, 94, 95, 97]",False,9,5,up
ADANIENSOL,Power,1649.5,1.0497516614671631,22.89,94.26,97,"[98, 98, 98, 98, 97]",False,10,-4,down
CEMPRO,Construction,1340.8,0.884338567887343,64.89,116.25,96,"[98, 97, 96, 96, 96]",False,11,1,up
RRKABEL,Capital Goods,2576.9,0.9198337185181655,64.44,94.15,96,"[91, 92, 92, 95, 96]",False,12,3,up
ADANIPOWER,Power,208.25,0.852855404287574,-6.13,54.83,95,"[96, 95, 96, 96, 95]",False,13,-2,down
BHARATFORG,Automobile and Auto Components,2162.7,0.8554784027768567,15.29,53.1,95,"[95, 95, 93, 94, 95]",False,14,2,up
GRANULES,Healthcare,845.4,0.858890924868982,20.82,45.99,95,"[94, 93, 93, 93, 95]",False,15,4,up
IDEA,Telecommunication,12.95,0.8444509713810506,26.71,31.74,94,"[94, 96, 94, 94, 94]",False,16,2,up
MCX,Financial Services,2713.4,0.7896529098782192,-8.69,12.22,94,"[93, 92, 91, 93, 94]",False,17,4,up
BELRISE,Automobile and Auto Components,229.03,0.8506444605901353,7.67,44.82,94,"[96, 96, 92, 94, 94]",False,18,-1,down
FEDERALBNK,Financial Services,357.25,0.772903291172947,24.5,25.37,93,"[92, 90, 92, 91, 93]",False,19,6,up
SYRMA,Capital Goods,1306.0,0.7812700982903882,36.19,98.75,93,"[97, 97, 96, 92, 93]",False,20,3,up
BHEL,Capital Goods,405.75,0.7511563336645786,15.51,64.34,92,"[90, 90, 91, 92, 92]",False,21,1,up
J&KBANK,Financial Services,177.3,0.7555121286717197,37.42,70.99,92,"[92, 89, 88, 90, 92]",False,22,5,up
AEGISLOG,Oil Gas & Consumable Fuels,1270.4,0.770568262910051,82.21,91.19,92,"[93, 94, 95, 92, 92]",False,23,1,up
HONASA,Fast Moving Consumer Goods,452.1,0.7300451586865304,32.74,67.23,91,"[90, 89, 90, 90, 91]",False,24,5,up
GVT&D,Capital Goods,4124.0,0.7506681493114042,-7.66,51.01,91,"[96, 95, 90, 91, 91]",False,25,1,up
DATAPATTNS,Capital Goods,4381.7,0.7409001202142826,7.58,91.14,91,"[88, 91, 90, 93, 91]",False,26,-6,down
SHRIRAMFIN,Financial Services,1040.9,0.690770377181124,11.68,4.57,90,"[90, 90, 89, 89, 90]",False,27,5,up
CHENNPETRO,Oil Gas & Consumable Fuels,1180.5,0.6908688047437865,4.62,41.79,90,"[91, 91, 89, 89, 90]",False,28,2,up
KARURVYSYA,Financial Services,338.4,0.6179635862812849,16.19,16.57,89,"[87, 86, 86, 87, 89]",False,29,8,up
POWERINDIA,Capital Goods,31130.0,0.6774945668375212,-7.21,86.31,89,"[91, 89, 88, 90, 89]",False,30,-2,down
RADICO,Fast Moving Consumer Goods,4289.7,0.6326668390499106,25.59,47.03,89,"[85, 86, 85, 85, 89]",False,31,10,up
NYKAA,Consumer Services,329.6,0.6071039274988683,24.49,39.37,88,"[86, 84, 85, 87, 88]",False,32,3,up
SAILIFE,Healthcare,1300.5,0.6057883884331772,21.6,58.55,88,"[89, 87, 84, 86, 88]",False,33,5,up
CUB,Financial Services,238.14,0.5939439869850682,17.56,11.7,88,"[83, 79, 80, 81, 88]",False,34,19,up
CUMMINSIND,Capital Goods,5455.5,0.5938197390633071,4.45,40.67,87,"[88, 88, 88, 88, 87]",False,35,-2,down
APARINDS,Capital Goods,13480.0,0.5930761005936722,9.32,87.0,87,"[85, 85, 86, 88, 87]",False,36,-2,down
ANANDRATHI,Financial Services,2037.9,0.5759601312187064,13.39,40.79,86,"[89, 88, 87, 86, 86]",False,37,3,up
LTF,Financial Services,311.0,0.583714012028979,12.32,10.15,86,"[84, 83, 82, 86, 86]",False,38,1,up
HSCL,Chemicals,749.65,0.5884954475068074,23.52,67.47,86,"[88, 85, 87, 89, 86]",False,39,-8,down
SONACOMS,Automobile and Auto Components,713.0,0.5691456034766067,17.76,47.07,85,"[86, 87, 84, 85, 85]",False,40,3,up
ABCAPITAL,Financial Services,391.35,0.5704477764773277,13.27,12.17,85,"[86, 85, 82, 87, 85]",False,41,-5,down
M&MFIN,Financial Services,373.5,0.5616221595465256,22.92,4.89,85,"[75, 82, 79, 83, 85]",False,42,6,up
GESHIP,Services,1377.4,0.545497567351029,-12.05,25.01,84,"[83, 84, 86, 85, 84]",False,43,-1,down
SCHNEIDER,Capital Goods,1332.7,0.5224913099363617,7.16,110.5,84,"[84, 81, 83, 84, 84]",False,44,0,stable
NAVINFLUOR,Chemicals,7512.5,0.5038479628632937,10.27,28.12,83,"[89, 87, 84, 84, 83]",False,45,0,stable
CRAFTSMAN,Automobile and Auto Components,9290.0,0.5197366963252963,20.99,29.21,83,"[81, 80, 83, 83, 83]",False,46,1,up
NAM-INDIA,Financial Services,1150.3,0.5090584013228061,15.14,45.55,83,"[77, 76, 76, 83, 83]",False,47,-1,down
MOTHERSON,Automobile and Auto Components,147.86,0.4865318313657552,22.2,35.48,82,"[82, 84, 81, 82, 82]",False,48,1,up
EICHERMOT,Automobile and Auto Components,7836.0,0.5019295788714326,10.23,9.37,82,"[79, 79, 80, 81, 82]",False,49,3,up
MAHABANK,Financial Services,80.2,0.48271031613129733,3.9,25.23,82,"[85, 81, 82, 82, 82]",False,50,0,stable
AUBANK,Financial Services,1047.7,0.4686161776288782,3.13,8.73,81,"[74, 75, 74, 80, 81]",False,51,3,up
RBLBANK,Financial Services,364.9,0.4742328442158614,8.42,23.55,81,"[80, 77, 77, 79, 81]",False,52,7,up
AIAENG,Capital Goods,4603.0,0.4645812236852609,16.54,23.41,80,"[79, 76, 78, 80, 80]",False,53,2,up
GABRIEL,Automobile and Auto Components,1407.8,0.46446631968094665,37.27,58.84,80,"[87, 82, 77, 82, 80]",False,54,-3,down
TITAN,Consumer Durables,4849.7,0.4621968772699385,10.96,21.73,80,"[76, 75, 73, 77, 80]",False,55,8,up
TVSMOTOR,Automobile and Auto Components,3993.5,0.4599793841558901,14.33,12.32,79,"[75, 78, 78, 75, 79]",False,56,14,up
CARTRADE,Consumer Services,2962.7,0.4615844670155116,82.5,16.56,79,"[81, 83, 74, 79, 79]",False,57,0,stable
BAJAJ-AUTO,Automobile and Auto Components,11374.0,0.45398925448854155,15.41,21.51,78,"[65, 74, 75, 78, 78]",False,58,3,up
CCL,Fast Moving Consumer Goods,1188.2,0.4502254244946129,4.68,24.27,78,"[78, 79, 80, 79, 78]",False,59,-1,down
ASTERDM,Healthcare,813.5,0.4481957995388943,16.04,47.43,78,"[78, 74, 72, 77, 78]",False,60,2,up
USHAMART,Capital Goods,512.3,0.44296884411783544,13.39,25.09,77,"[71, 72, 72, 75, 77]",False,61,8,up
BSE,Financial Services,3457.8,0.443304825911059,-4.77,25.56,77,"[82, 80, 79, 80, 77]",False,62,-6,down
MANAPPURAM,Financial Services,361.25,0.43231415337414325,22.92,22.82,77,"[70, 68, 69, 77, 77]",False,63,1,up
STARHEALTH,Financial Services,584.0,0.40684083507735425,11.1,37.35,76,"[73, 69, 74, 76, 76]",False,64,2,up
AUROPHARMA,Healthcare,1549.2,0.40796451373443765,11.49,37.13,76,"[78, 78, 76, 74, 76]",False,65,6,up
HINDALCO,Metals & Mining,936.4,0.4036629083955652,-9.32,-2.14,75,"[80, 76, 76, 75, 75]",False,66,2,up
ADANIGREEN,Power,1377.8,0.40062921275922325,12.28,72.42,75,"[84, 82, 75, 76, 75]",False,67,0,stable
SCI,Services,278.9,0.4058723977116734,-8.4,33.93,75,"[74, 70, 69, 78, 75]",False,68,-8,down
TORNTPHARM,Healthcare,4898.3,0.39219610945158156,17.27,23.62,74,"[82, 81, 81, 76, 74]",False,69,-4,down
NEULANDLAB,Healthcare,18871.0,0.39076742463313874,26.01,47.75,74,"[74, 72, 73, 73, 74]",False,70,4,up
OFSS,Information Technology,11334.0,0.3920178324029979,19.87,45.62,74,"[77, 69, 62, 70, 74]",False,71,11,up
INDIANB,Financial Services,834.25,0.3877185411759012,0.02,-2.81,73,"[76, 74, 68, 71, 73]",False,72,8,up
ZYDUSWELL,Fast Moving Consumer Goods,549.45,0.38300920360444435,8.26,30.99,73,"[80, 77, 71, 73, 73]",False,73,0,stable
VTL,Textiles,612.5,0.37649278655762,0.08,49.34,72,"[65, 70, 65, 74, 72]",False,74,-2,down
NESTLEIND,Fast Moving Consumer Goods,1491.8,0.3802332701761739,2.77,15.63,72,"[56, 62, 64, 67, 72]",True,75,16,up
EMCURE,Healthcare,1892.2,0.3799410115690207,12.62,27.46,72,"[81, 73, 71, 73, 72]",False,76,-1,down
PHOENIXLTD,Realty,2023.2,0.371267148311732,14.63,17.19,71,"[79, 77, 78, 71, 71]",False,77,2,up
MINDACORP,Automobile and Auto Components,683.6,0.372134687367923,31.44,26.04,71,"[71, 68, 70, 72, 71]",False,78,-1,down
LLOYDSME,Metals & Mining,1979.1,0.3748548150111517,12.24,79.91,71,"[66, 61, 65, 72, 71]",False,79,-1,down
SAIL,Metals & Mining,165.85,0.36529981513016496,-10.17,6.61,70,"[67, 70]",True,80,10,up
POLYCAB,Capital Goods,9121.5,0.36855175288463116,13.0,35.45,70,"[66, 71, 70, 69, 70]",False,81,3,up
ABB,Capital Goods,7243.5,0.3422264252825089,0.19,54.5,69,"[69, 71, 68, 69, 69]",False,82,4,up
ABDL,Fast Moving Consumer Goods,620.3,0.3386246287737589,17.65,39.44,69,"[72, 67, 72, 68, 69]",False,83,5,up
SAMMAANCAP,Financial Services,163.27,0.340008879591569,12.9,17.66,69,"[57, 59, 62, 69, 69]",False,84,1,up
NLCINDIA,Power,299.05,0.32973030892551924,-5.54,23.96,68,"[70, 60, 60, 66, 68]",False,85,7,up
UNIONBANK,Financial Services,168.24,0.32619752533145685,4.38,-1.14,68,"[71, 65, 63, 68, 68]",False,86,1,up
ADANIPORTS,Services,1774.7,0.32337024561664474,7.54,30.67,68,"[68, 66, 64, 66, 68]",False,87,7,up
FLUOROCHEM,Chemicals,4487.5,0.31860052632013036,24.58,48.98,67,"[68, 67, 67, 68, 67]",False,88,1,up
SBIN,Financial Services,1013.2,0.3221200981649768,-3.46,-2.06,67,"[68, 66, 66, 66, 67]",False,89,4,up
CGPOWER,Capital Goods,844.1,0.31198625112379297,3.78,59.42,66,"[75, 73, 66, 70, 66]",False,90,-9,down
MARICO,Fast Moving Consumer Goods,883.25,0.3054544778685091,13.97,18.43,66,"[59, 59, 61, 63, 66]",False,91,11,up
HEG,Capital Goods,651.05,0.30440310520349856,9.84,20.1,66,"[49, 47, 61, 65, 66]",False,92,4,up
CAPLIPOINT,Healthcare,2588.3,0.2941637447077943,51.75,50.52,65,"[64, 57, 56, 65, 65]",False,93,2,up
NUVAMA,Financial Services,1808.8,0.30219925487551325,37.66,44.33,65,"[66, 62, 68, 70, 65]",False,94,-11,down
CGCL,Financial Services,228.22,0.3032295740454727,22.58,34.46,65,"[76, 73, 66, 72, 65]",False,95,-19,down
HEROMOTOCO,Automobile and Auto Components,5154.3,0.2707672276607711,2.57,-0.89,64,"[62, 64]",True,96,9,up
SOLARINDS,Chemicals,18244.0,0.29000380011008,18.24,43.0,64,"[67, 64, 64, 65, 64]",False,97,0,stable
INDUSINDBK,Financial Services,991.95,0.2669532784880919,8.46,11.04,63,"[63, 65, 55, 64, 63]",False,98,1,up
CREDITACC,Financial Services,1576.6,0.2659928723715914,21.27,19.39,63,"[56, 52, 45, 64, 63]",False,99,-1,down
KEI,Capital Goods,4843.0,0.2686796920251089,-0.3,27.42,63,"[65, 63, 63, 63, 63]",False,100,0,stable
LUPIN,Healthcare,2395.8,0.2590776507310195,4.68,12.21,62,"[73, 66, 62, 62, 62]",False,101,2,up
AJANTPHARM,Healthcare,3342.4,0.2496379860510205,18.41,23.87,62,"[69, 65, 60, 62, 62]",False,102,2,up
NMDC,Metals & Mining,83.92,0.26275105994567927,-7.14,9.68,62,"[61, 58, 58, 61, 62]",False,103,4,up
JSWSTEEL,Metals & Mining,1246.9,0.24713780923097595,-0.83,2.62,61,"[62, 63, 59, 59, 61]",False,104,9,up
PTCIL,Capital Goods,17874.0,0.2455079020760358,11.24,2.95,61,"[62, 60, 60, 60, 61]",False,105,4,up
GRAPHITE,Capital Goods,648.55,0.24351008908896987,-7.27,4.41,60,"[59, 63, 60]",False,106,-5,down
APOLLOHOSP,Healthcare,8903.0,0.2415618524574379,16.58,31.23,60,"[63, 63, 58, 57, 60]",False,107,11,up
IDFCFIRSTB,Financial Services,85.75,0.24071000218529415,23.13,2.69,60,"[46, 46, 44, 55, 60]",False,108,15,up
ACMESOLAR,Power,355.5,0.23703326957264093,17.38,71.72,59,"[70, 69, 70, 61, 59]",False,109,-1,down
MRPL,Oil Gas & Consumable Fuels,160.03,0.238956487792233,-4.49,4.51,59,"[69, 61, 50, 61, 59]",False,110,-4,down
IPCALAB,Healthcare,1789.0,0.23635726125800294,16.86,22.96,58,"[62, 61, 50, 56, 58]",False,111,10,up
JINDALSAW,Capital Goods,257.15,0.2309958821587037,16.51,45.64,58,"[53, 56, 47, 52, 58]",False,112,18,up
GMRAIRPORT,Services,107.96,0.23242041794217938,11.96,16.54,58,"[57, 57, 54, 57, 58]",False,113,4,up
SIEMENS,Capital Goods,3681.0,0.23049422055286128,-3.34,27.19,57,"[54, 51, 56, 58, 57]",False,114,0,stable
LALPATHLAB,Healthcare,1805.2,0.22959976732179976,32.36,29.45,57,"[52, 50, 51, 59, 57]",False,115,-4,down
BAJFINANCE,Financial Services,1048.4,0.22618832272093825,12.58,15.32,57,"[50, 47, 38, 55, 57]",False,116,6,up
GLAND,Healthcare,2428.3,0.22235530739409937,38.7,44.9,56,"[64, 64, 57, 54, 56]",False,117,10,up
PAYTM,Financial Services,1307.9,0.22348432233646642,19.36,14.25,56,"[67, 58, 53, 52, 56]",False,118,13,up
VIJAYA,Healthcare,1359.1,0.22136296524066235,20.32,40.34,55,"[72, 68, 54, 53, 55]",False,119,9,up
THERMAX,Capital Goods,4416.5,0.21939721540117962,8.75,56.64,55,"[64, 58, 55, 56, 55]",False,120,0,stable
WELSPUNLIV,Textiles,160.23,0.2217959584124658,24.32,27.27,55,"[55, 55, 51, 59, 55]",False,121,-9,down
IIFL,Financial Services,582.35,0.2103658825795356,26.89,12.42,54,"[42, 42, 37, 51, 54]",False,122,13,up
ANGELONE,Financial Services,302.6,0.21085555876606032,-1.68,20.23,54,"[60, 49, 46, 54, 54]",False,123,3,up
ADANIENT,Metals & Mining,3002.3,0.2190164157944492,24.72,53.29,54,"[61, 60, 54, 56, 54]",False,124,-5,down
YESBANK,Financial Services,22.81,0.2082127594353551,14.45,8.52,53,"[52, 52, 50, 54, 53]",False,125,0,stable
AEGISVOPAK,Oil Gas & Consumable Fuels,292.46,0.2085981209858363,54.35,32.81,53,"[26, 33, 41, 60, 53]",False,126,-16,down
ABSLAMC,Financial Services,999.2,0.20519731312796075,0.89,31.46,52,"[60, 54, 58, 51, 52]",False,127,6,up
CHOLAFIN,Financial Services,1753.0,0.2057970589604461,12.21,7.03,52,"[49, 45, 45, 55, 52]",False,128,-4,down
IFCI,Financial Services,68.52,0.20651355418104345,16.75,21.88,52,"[58, 56, 52, 58, 52]",False,129,-13,down
SUNPHARMA,Healthcare,1976.7,0.20005014349086636,9.6,21.71,51,"[55, 53, 53, 52, 51]",False,130,2,up
ASIANPAINT,Consumer Durables,2736.2,0.19967125652830897,12.9,5.23,51,"[51, 51, 48, 51, 51]",False,131,3,up
TECHM,Information Technology,1635.2,0.1968433392294835,13.86,-3.86,51,"[39, 36, 39, 45, 51]",False,132,18,up
GODREJIND,Diversified,1309.2,0.18594606397299174,36.51,34.77,50,"[61, 55, 56, 53, 50]",False,133,-4,down
UNITDSPR,Fast Moving Consumer Goods,1508.8,0.1957085251200561,14.7,15.93,50,"[34, 39, 46, 48, 50]",True,134,9,up
3MINDIA,Diversified,35090.0,0.17836545040676843,6.9,6.85,49,"[59, 55, 52, 49, 49]",False,135,5,up
TRAVELFOOD,Consumer Services,1288.3,0.17999224666494085,2.26,23.44,49,"[50, 43, 44, 48, 49]",False,136,5,up
IKS,Information Technology,1819.6,0.17982729674016218,9.97,11.47,49,"[56, 50, 42, 50, 49]",False,137,0,stable
CARBORUNIV,Capital Goods,1061.5,0.16970867488611519,11.53,29.52,48,"[46, 43, 40, 50, 48]",False,138,-2,down
GRASIM,Construction Materials,3116.2,0.17497555130098807,11.51,9.1,48,"[54, 52, 48, 48, 48]",False,139,3,up
PVRINOX,Media Entertainment & Publication,1118.15,0.17066668225480752,4.61,17.15,48,"[36, 49, 48]",False,140,-1,down
PIDILITIND,Chemicals,1619.6,0.16147477614603956,18.58,12.72,47,"[42, 44, 41, 45, 47]",False,141,8,up
DIVISLAB,Healthcare,7425.0,0.16056610032142404,14.66,24.02,47,"[46, 48, 44, 46, 47]",False,142,4,up
WOCKPHARMA,Healthcare,1890.1,0.15130251514656767,35.43,40.15,46,"[45, 42, 40, 42, 46]",False,143,16,up
OBEROIRLTY,Realty,1829.5,0.15796746398126027,9.83,26.13,46,"[33, 30, 35, 46, 46]",False,144,4,up
ALKEM,Healthcare,5651.5,0.15874992129314758,4.66,-0.99,46,"[52, 49, 49, 44, 46]",False,145,8,up
KPIL,Construction,1265.5,0.14745640513410163,2.03,16.59,45,"[51, 47, 43, 49, 45]",False,146,-8,down
FORTIS,Healthcare,945.45,0.14659000141624356,2.55,12.88,45,"[59, 53, 47, 43, 45]",False,147,9,up
ZYDUSLIFE,Healthcare,1099.2,0.1507077485202848,23.35,23.15,45,"[57, 56, 52, 46, 45]",False,148,-1,down
SAREGAMA,Media Entertainment & Publication,524.25,0.1452605205562456,52.46,62.48,44,"[32, 26, 30, 41, 44]",False,149,11,up
BIOCON,Healthcare,432.45,0.1456605571920957,20.39,18.54,44,"[48, 48, 42, 45, 44]",False,150,1,up
AARTIIND,Chemicals,476.75,0.1437499598107237,-6.06,36.16,43,"[50, 53, 43, 47, 43]",False,151,-7,down
EXIDEIND,Automobile and Auto Components,423.4,0.14157865431341032,17.99,31.61,43,"[51, 50, 49, 44, 43]",False,152,0,stable
THELEELA,Consumer Services,475.6,0.1413473507720009,11.06,16.55,43,"[39, 42, 37, 43, 43]",False,153,2,up
FINCABLES,Capital Goods,973.1,0.13365805313505175,-1.76,36.81,42,"[47, 45, 42, 47, 42]",False,154,-9,down
TBOTEK,Consumer Services,1508.6,0.1301539672511296,20.17,7.24,42,"[38, 32, 26, 42, 42]",False,155,2,up
POONAWALLA,Financial Services,465.85,0.1356345248442139,11.66,15.2,42,"[29, 35, 38, 42, 42]",False,156,2,up
UNOMINDA,Automobile and Auto Components,1163.9,0.12343736929117699,4.78,1.88,41,"[40, 41]",True,157,6,up
DELHIVERY,Services,472.2,0.12926605057358675,1.1,17.95,41,"[49, 40, 36, 41, 41]",False,158,4,up
DEEPAKFERT,Chemicals,1647.4,0.11947182436259962,30.2,42.45,40,"[28, 28, 24, 38, 40]",False,159,9,up
BOSCHLTD,Automobile and Auto Components,41310.0,0.12326961999410968,14.77,17.14,40,"[43, 46, 46, 40, 40]",False,160,4,up
LODHA,Realty,1301.4,0.11336276081134122,44.94,43.45,40,"[5, 3, 8, 23, 40]",False,161,50,up
TORNTPOWER,Power,1431.8,0.11279529769603869,-17.24,10.84,39,"[40, 41, 38, 39, 39]",False,162,3,up
ANANTRAJ,Realty,609.95,0.11138195328459632,25.27,24.44,39,"[36, 41, 34, 41, 39]",False,163,-2,down
PNB,Financial Services,111.65,0.10409325223544297,5.06,-6.55,38,"[31, 34, 32, 37, 38]",False,164,7,up
CHOICEIN,Financial Services,796.55,0.10927566356793328,20.06,4.8,38,"[41, 38, 35, 39, 38]",False,165,2,up
SHYAMMETL,Capital Goods,1027.0,0.10490425454521213,17.74,28.73,38,"[54, 44, 40, 39, 38]",False,166,0,stable
TATATECH,Information Technology,738.6,0.10060120801498029,29.0,15.13,37,"[34, 29, 28, 30, 37]",False,167,24,up
PFC,Financial Services,419.9,0.10342990457142553,-6.36,18.18,37,"[32, 32, 29, 38, 37]",False,168,1,up
ENDURANCE,Automobile and Auto Components,2707.1,0.09225542895216576,16.15,15.98,37,"[37, 37, 27, 37, 37]",False,169,4,up
360ONE,Financial Services,1128.3,0.0896201143178239,9.05,1.9,36,"[16, 21, 26, 35, 36]",True,170,8,up
PERSISTENT,Information Technology,5428.4,0.0897981753267012,13.48,-12.37,36,"[29, 36]",True,171,23,up
GRSE,Capital Goods,2610.7,0.08190375139642914,-10.92,9.65,35,"[36, 35]",False,172,2,up
PNBHOUSING,Financial Services,1069.4,0.08871404946181927,2.27,29.56,35,"[30, 27, 29, 36, 35]",False,173,2,up
ENRIN,Capital Goods,3180.9,0.08413946200844147,-2.99,45.88,35,"[47, 45, 39, 38, 35]",False,174,-4,down
ENGINERSIN,Construction,222.59,0.07973902888204254,-11.65,36.26,34,"[27, 18, 23, 37, 34]",False,175,-3,down
JSWENERGY,Power,544.25,0.0781741181390434,-2.68,24.1,34,"[41, 39, 34, 35, 34]",False,176,1,up
MSUMI,Automobile and Auto Components,41.52,0.08098468695597139,3.9,-0.3,34,"[35, 34]",False,177,-1,down
NH,Healthcare,2072.8,0.07387390085581735,17.59,20.37,33,"[36, 26, 25, 30, 33]",False,178,12,up
PRESTIGE,Realty,1682.3,0.07344730023710433,18.94,20.85,33,"[19, 16, 16, 26, 33]",False,179,23,up
CAMS,Financial Services,800.3,0.07259371360097999,8.92,15.87,32,"[15, 15, 13, 27, 32]",False,180,18,up
NIVABUPA,Financial Services,86.58,0.07194310503551926,10.55,12.44,32,"[22, 19, 27, 32, 32]",False,181,4,up
JSWINFRA,Services,318.2,0.07238177738259455,17.35,22.61,32,"[44, 35, 28, 34, 32]",False,182,-2,down
BALRAMCHIN,Fast Moving Consumer Goods,605.25,0.06867862509443645,16.16,49.46,31,"[30, 32, 32, 33, 31]",False,183,-1,down
ANTHEM,Healthcare,783.9,0.0679274256385658,3.4,32.67,31,"[44, 40, 31, 32, 31]",False,184,2,up
KAJARIACER,Consumer Durables,1209.1,0.06971643348623036,1.81,34.14,31,"[26, 27, 34, 33, 31]",False,185,-2,down
ELGIEQUIP,Capital Goods,569.45,0.06742954828569636,3.36,35.23,30,"[45, 37, 22, 34, 30]",False,186,-7,down
AIIL,Financial Services,557.7,0.06707747037247258,18.21,7.6,30,"[21, 16, 17, 28, 30]",False,187,8,up
KIMS,Healthcare,798.35,0.06358799148589167,19.75,29.81,29,"[38, 35, 28, 31, 29]",False,188,1,up
JBMA,Automobile and Auto Components,659.05,0.06126104146280986,4.59,22.61,29,"[35, 39, 22, 32, 29]",False,189,-5,down
MEDANTA,Healthcare,1401.3,0.062418418613760185,25.42,36.05,29,"[33, 36, 33, 31, 29]",False,190,-3,down
TATACOMM,Telecommunication,1764.5,0.060621181647796396,12.66,14.42,28,"[34, 31, 33, 25, 28]",False,191,13,up
ATGL,Oil Gas & Consumable Fuels,645.55,0.0603489833375257,1.74,22.93,28,"[40, 37, 30, 34, 28]",False,192,-11,down
HAL,Capital Goods,4600.1,0.060876641844412216,6.02,6.66,28,"[23, 23, 24, 30, 28]",False,193,-1,down
RKFORGE,Automobile and Auto Components,630.65,0.05921994835300626,5.58,26.88,27,"[11, 14, 14, 27, 27]",False,194,6,up
MANKIND,Healthcare,2617.9,0.05860814229232414,16.52,24.21,27,"[22, 19, 20, 24, 27]",False,195,12,up
SCHAEFFLER,Automobile and Auto Components,4144.6,0.05751994052261544,0.48,14.89,26,"[25, 26, 26, 31, 26]",False,196,-8,down
SAGILITY,Information Technology,43.16,0.054628442236709374,3.4,-17.29,26,"[29, 26]",False,197,-4,down
M&M,Automobile and Auto Components,3271.2,0.058013014641647764,6.72,-2.59,26,"[25, 26]",True,198,5,up
KALYANKJIL,Consumer Durables,608.35,0.05043223071277647,47.39,64.91,25,"[24, 28, 15, 14, 25]",False,199,36,up
SBILIFE,Financial Services,1889.1,0.05046007431054478,3.85,-7.19,25,[25],False,200,-999,new
BPCL,Oil Gas & Consumable Fuels,320.05,0.050928435374273606,6.52,-7.92,25,[25],False,201,-999,new
GLENMARK,Healthcare,2184.6,0.049427193081264864,-9.21,9.25,24,"[32, 30, 31, 28, 24]",False,202,-5,down
BHARTIARTL,Telecommunication,1901.8,0.04692720532789951,2.06,-2.42,24,"[31, 31, 25, 26, 24]",False,203,-2,down
GODREJPROP,Realty,2136.6,0.04289379739902377,16.99,41.44,23,"[10, 8, 9, 20, 23]",False,204,14,up
GAIL,Oil Gas & Consumable Fuels,175.15,0.033834571509509415,7.3,12.9,23,"[24, 23, 15, 24, 23]",False,205,1,up
ECLERX,Services,1897.7,0.03407698010507976,32.8,-13.93,23,"[35, 34, 30, 15, 23]",False,206,26,up
TRITURBINE,Capital Goods,609.35,0.03055806640249581,6.3,30.44,22,"[18, 16, 24, 28, 22]",False,207,-11,down
ETERNAL,Consumer Services,308.35,0.03159865878485513,24.82,21.47,22,"[38, 18, 11, 16, 22]",False,208,21,up
ATUL,Chemicals,6650.0,0.024720797672938,-1.98,14.44,22,"[25, 22]",False,209,-4,down
REDINGTON,Services,278.05,0.021388666285892866,31.63,13.48,21,"[13, 8, 9, 23, 21]",False,210,0,stable
COLPAL,Fast Moving Consumer Goods,2138.1,0.01952374469452045,3.2,0.44,21,"[13, 17, 22, 21]",False,211,2,up
ACE,Capital Goods,1077.6,0.01646634196875829,21.4,33.29,20,"[14, 9, 13, 18, 20]",False,212,11,up
RECLTD,Financial Services,368.45,0.01737939292048929,3.99,3.46,20,"[20, 22, 16, 21, 20]",False,213,1,up
INDHOTEL,Consumer Services,734.7,0.019014258122073358,16.06,13.3,20,"[19, 21, 21, 22, 20]",False,214,-2,down
COFORGE,Information Technology,1686.0,0.012502480465757526,40.98,1.55,19,"[10, 8, 19]",False,215,35,up
HONAUT,Capital Goods,37510.0,0.013411039214352605,21.22,19.89,19,"[20, 17, 16, 21, 19]",False,216,0,stable
LICI,Financial Services,427.15,0.00968803733597412,9.58,8.24,18,"[21, 19, 18, 19, 18]",False,217,4,up
ULTRACEMCO,Construction Materials,11956.0,0.004979128192762361,3.19,-5.03,18,"[21, 21, 20, 18, 18]",False,218,6,up
IEX,Financial Services,132.11,0.004412260297704806,7.2,6.48,18,[18],False,219,-999,new
BAJAJFINSV,Financial Services,1927.9,0.0037834787367523326,10.44,0.62,17,"[17, 17]",False,220,5,up
ICICIBANK,Financial Services,1430.8,-0.003100086961198789,13.25,5.1,17,"[29, 25, 22, 20, 17]",False,221,-4,down
ZENTEC,Capital Goods,1640.6,-8.372749346441388e-05,-1.83,28.18,17,"[20, 20, 18, 24, 17]",False,222,-14,down
PREMIERENE,Capital Goods,1016.9,-0.005040334067612506,-0.05,43.82,16,"[29, 23, 14, 21, 16]",False,223,-8,down
AADHARHFC,Financial Services,497.85,-0.00801994580559584,1.89,4.91,16,"[28, 24, 20, 18, 16]",False,224,-2,down
RAINBOW,Healthcare,1469.5,-0.015850838390191524,17.62,23.93,15,"[26, 24, 12, 17, 15]",False,225,2,up
PETRONET,Oil Gas & Consumable Fuels,277.8,-0.01548388630051134,1.53,1.19,15,[15],False,226,-999,new
PPLPHARMA,Healthcare,193.43,-0.025256050927423335,19.5,26.88,15,"[9, 7, 10, 13, 15]",False,227,10,up
HCLTECH,Information Technology,1318.6,-0.03169419065740653,11.09,-21.08,14,[14],False,228,-999,new
CHALET,Consumer Services,844.15,-0.0312147514911284,11.41,3.13,14,"[14, 14]",False,229,4,up
LICHSGFIN,Financial Services,545.7,-0.03109327595961875,-1.62,6.99,14,"[15, 14]",False,230,0,stable
SPLPETRO,Chemicals,740.4,-0.036464298068085266,-1.16,47.89,13,"[15, 15, 14, 15, 13]",False,231,0,stable
JUBLINGREA,Chemicals,726.35,-0.0438643480622225,2.11,17.69,13,"[16, 14, 11, 14, 13]",False,232,2,up
JSWCEMENT,Construction Materials,134.22,-0.04953475637021898,10.0,19.18,12,"[22, 17, 12, 12, 12]",False,233,6,up
CIPLA,Healthcare,1444.6,-0.044240295981912814,11.34,11.06,12,"[24, 24, 19, 10, 12]",False,234,11,up
ZEEL,Media Entertainment & Publication,107.57,-0.04578376666349682,19.87,35.67,12,"[2, 3, 4, 13, 12]",False,235,3,up
MPHASIS,Information Technology,2413.5,-0.05525454432419841,8.85,-11.69,11,[11],False,236,-999,new
INDIGO,Services,5270.5,-0.05557276099280617,22.7,12.03,11,"[12, 6, 6, 10, 11]",False,237,9,up
SUMICHEM,Chemicals,528.4,-0.05905959274782824,26.37,30.91,11,"[16, 12, 10, 13, 11]",False,238,-2,down
OLECTRA,Automobile and Auto Components,1312.7,-0.05924145824669891,5.39,32.92,10,"[41, 38, 8, 12, 10]",False,239,1,up
BHARTIHEXA,Telecommunication,1604.6,-0.05928416205322484,5.75,1.42,10,"[11, 10]",False,240,2,up
KPRMILL,Textiles,1043.3,-0.08264590307232111,11.64,16.45,9,"[17, 11, 7, 9, 9]",False,241,6,up
CONCOR,Services,522.4,-0.07465952147933863,2.66,8.36,9,"[7, 9]",True,242,11,up
CDSL,Financial Services,1345.1,-0.07318624384019823,6.71,2.67,9,[9],False,243,-999,new
PAGEIND,Textiles,40370.0,-0.09147156094729225,10.18,23.71,8,"[9, 8, 8, 6, 8]",False,244,13,up
NAUKRI,Consumer Services,1236.15,-0.08861229862699493,27.46,-2.84,8,"[8, 4, 2, 4, 8]",False,245,15,up
AFFLE,Information Technology,1631.8,-0.08487402135885114,14.78,6.09,8,[8],False,246,-999,new
MAXHEALTH,Healthcare,1104.8,-0.09161832643962742,11.45,13.46,7,"[12, 11, 6, 8, 7]",False,247,2,up
SHREECEM,Construction Materials,26875.0,-0.091505029698286,11.37,-1.01,7,"[8, 4, 5, 7, 7]",False,248,6,up
ABBOTINDIA,Healthcare,27905.0,-0.10366255115112033,12.28,3.15,6,"[6, 6, 5, 6, 6]",False,249,7,up
GLAXO,Healthcare,2632.6,-0.09631497901927444,15.55,15.33,6,"[5, 5, 3, 3, 6]",False,250,14,up
JKCEMENT,Construction Materials,5642.5,-0.09225601695816943,7.12,3.38,6,"[9, 11, 6, 9, 6]",False,251,-3,down
KFINTECH,Financial Services,973.75,-0.10711633231039241,10.19,-2.86,5,"[3, 5]",True,252,11,up
HOMEFIRST,Financial Services,1181.0,-0.10681915508330575,2.14,6.62,5,"[17, 9, 4, 6, 5]",False,253,2,up
ONESOURCE,Healthcare,1731.3,-0.10439001570728601,-0.39,50.38,5,"[3, 5]",True,254,11,up
NUVOCO,Construction Materials,350.45,-0.11434333269165142,18.12,1.61,4,"[12, 10, 7, 5, 4]",False,255,3,up
DLF,Realty,663.05,-0.11895429582041694,14.37,10.14,4,"[2, 4]",True,256,11,up
PCBL,Chemicals,318.4,-0.130102644853209,9.57,22.67,3,"[3, 2, 3, 5, 3]",False,257,2,up
APTUS,Financial Services,281.3,-0.129413608575629,9.15,6.14,3,"[8, 7, 2, 2, 3]",False,258,8,up
CRISIL,Financial Services,4489.9,-0.12270224971572852,4.93,2.09,3,"[4, 3]",False,259,2,up
POLYMED,Healthcare,1647.7,-0.13361320170330238,8.97,8.75,2,"[4, 3, 2, 4, 2]",False,260,2,up
FIVESTAR,Financial Services,561.3,-0.13134170029389292,17.05,9.48,2,"[2, 1, 1, 1, 2]",False,261,7,up
DIXON,Consumer Durables,13903.0,-0.14112150519644606,24.51,36.52,2,"[7, 6, 4, 1, 2]",False,262,7,up
PGEL,Consumer Durables,585.45,-0.22980509924434345,9.63,12.9,1,"[1, 1, 1, 1, 1]",False,263,7,up
HEXT,Information Technology,593.15,-0.14713616986657307,35.01,-13.15,1,[1],False,264,-999,new
BLUEJET,Healthcare,571.95,-0.25139041496324965,28.66,36.23,0,"[0, 0, 0, 0, 0]",False,265,6,up
