symbol,sector,price,rs_raw,roc_3m,roc_6m,rs_percentile,rs_h,rs_up,rank,rank_diff,rank_status
WDC,Information Technology,712.13,10.823221810177559,124.75,308.21,100,"[99, 99, 99, 100, 100]",False,1,0,stable
SNDK,Information Technology,1958.8,40.77566513058186,153.7,835.84,100,"[100, 100, 100, 100, 100]",False,2,0,stable
STX,Information Technology,1066.07,6.983351920935952,145.73,271.61,99,"[98, 98, 99, 99, 99]",False,3,3,up
LITE,Information Technology,869.98,8.594088545749104,12.67,175.18,99,"[100, 100, 100, 99, 99]",False,4,0,stable
MU,Information Technology,1043.19,7.343230224512375,134.91,349.03,99,"[99, 99, 99, 99, 99]",False,5,0,stable
TER,Information Technology,408.56,3.507864416342304,35.16,112.64,98,"[97, 97, 97, 97, 98]",False,6,5,up
CIEN,Information Technology,436.72,4.6753730661579525,5.85,108.12,98,"[98, 98, 98, 99, 98]",False,7,-4,down
INTC,Information Technology,121.1,4.394540246384468,162.23,224.58,98,"[98, 98, 98, 98, 98]",False,8,1,up
COHR,Information Technology,378.85,3.3632012049999402,37.48,116.24,97,"[97, 97, 98, 98, 97]",False,9,-2,down
SATS,Communication Services,111.7,3.250715876248132,2.37,7.78,97,"[99, 99, 98, 98, 97]",False,10,-2,down
LRCX,Information Technology,374.18,2.8384040746634,60.03,129.63,97,"[96, 96, 97, 97, 97]",False,11,-1,down
DELL,Information Technology,419.32,2.411521889129129,168.32,215.86,96,"[96, 96, 96, 96, 96]",False,12,4,up
FIX,Industrials,1931.77,2.6391708165735577,33.78,99.64,96,"[96, 96, 96, 96, 96]",False,13,2,up
GLW,Information Technology,175.4,2.2712913796368013,32.0,103.96,96,"[96, 96, 96, 96, 96]",False,14,0,stable
AMD,Information Technology,512.48,2.8013200660886377,149.66,145.01,96,"[97, 97, 97, 97, 96]",False,15,-3,down
ALB,Materials,166.56,1.601365594443104,2.28,27.72,95,"[94, 94, 95, 95, 95]",False,16,2,up
HPE,Information Technology,48.2,1.5267395969703923,119.95,101.42,95,"[95, 95, 94, 95, 95]",False,17,2,up
AMAT,Information Technology,592.92,2.2149820503296707,66.19,129.64,95,"[95, 95, 95, 96, 95]",False,18,-5,down
CAT,Industrials,955.92,1.4449241857491462,39.07,63.0,94,"[93, 93, 93, 94, 94]",False,19,3,up
VRT,Industrials,317.58,1.4292452929811783,18.01,97.76,94,"[94, 94, 94, 95, 94]",False,20,-3,down
KLAC,Information Technology,238.73,1.517392282875564,58.14,95.64,94,"[95, 95, 95, 94, 94]",False,21,-1,down
CMI,Industrials,717.78,1.0745922915711539,33.28,40.41,93,"[91, 91, 91, 93, 93]",False,22,2,up
WBD,Communication Services,26.24,1.2418587891119692,-5.03,-9.2,93,"[94, 94, 94, 94, 93]",False,23,-2,down
MRNA,Health Care,61.8,1.192431976921791,18.01,106.76,93,"[86, 86, 86, 90, 93]",False,24,9,up
ON,Information Technology,112.92,0.9200959262367019,90.45,106.96,92,"[92, 92, 93, 93, 92]",False,25,-2,down
GEV,Industrials,1048.86,0.9048541762693008,19.6,53.13,92,"[87, 87, 89, 90, 92]",False,26,9,up
KEYS,Information Technology,350.7,0.9493199749121555,20.84,71.18,92,"[91, 91, 92, 93, 92]",False,27,-2,down
GOOGL,Communication Services,363.79,0.8642986973605966,18.52,18.82,91,"[90, 90, 90, 92, 91]",False,28,-1,down
GNRC,Industrials,268.2,0.8960725397430807,33.53,72.63,91,"[89, 89, 91, 92, 91]",False,29,0,stable
MPWR,Information Technology,1448.21,0.8642808426668229,32.8,52.79,91,"[93, 93, 93, 93, 91]",False,30,-4,down
GOOG,Communication Services,362.1,0.8465782396856261,18.51,17.82,90,"[90, 90, 89, 91, 90]",False,31,-1,down
NUE,Materials,252.6,0.7916241387036966,56.51,56.74,90,"[93, 93, 93, 92, 90]",False,32,-4,down
STLD,Materials,270.13,0.8636250604810742,61.71,60.68,90,"[92, 92, 92, 91, 90]",False,33,-2,down
IVZ,Financials,28.79,0.7837036381287414,24.47,12.37,89,"[89, 89, 90, 91, 89]",False,34,-2,down
CHRW,Industrials,185.2,0.7733697470487098,6.31,17.25,89,"[90, 90, 91, 90, 89]",False,35,1,up
PWR,Industrials,714.85,0.7445972257326647,23.71,63.1,89,"[88, 88, 89, 89, 89]",False,36,2,up
VTRS,Health Care,15.73,0.62366577506895,17.37,39.45,88,"[87, 87, 88, 88, 88]",False,37,3,up
FDX,Industrials,325.93,0.6109901277703609,13.58,43.78,88,"[87, 87, 88, 89, 88]",False,38,1,up
C,Financials,143.78,0.636063868941116,31.51,30.49,88,"[85, 85, 86, 88, 88]",False,39,2,up
JBHT,Industrials,267.24,0.7003696000615638,33.73,36.35,88,"[91, 91, 90, 90, 88]",False,40,-6,down
JBL,Information Technology,374.98,0.5939624125741181,41.37,76.51,87,"[92, 92, 92, 89, 87]",False,41,-4,down
NEM,Materials,105.67,0.5924120429742821,6.77,8.26,87,"[87, 87]",False,42,1,up
ROST,Consumer Discretionary,233.25,0.5974431023651898,10.94,28.4,87,"[85, 85, 86, 86, 87]",False,43,5,up
ADI,Information Technology,414.45,0.5882897808683236,33.87,49.74,86,"[85, 85, 87, 87, 86]",False,44,1,up
ANET,Information Technology,164.93,0.58704280396715,21.04,30.76,86,"[79, 79, 84, 88, 86]",False,45,-3,down
CSCO,Information Technology,117.33,0.5824269561589501,50.26,52.93,86,"[88, 88, 88, 87, 86]",False,46,-2,down
STT,Financials,171.1,0.5306968849124882,42.41,36.35,85,"[84, 84, 85, 85, 85]",False,47,3,up
FSLR,Information Technology,254.8,0.5328698834167216,27.62,-1.44,85,"[78, 78, 72, 86, 85]",False,48,-1,down
IBKR,Financials,95.09,0.5754765248124603,40.62,51.11,85,"[84, 84, 85, 85, 85]",False,49,2,up
VLO,Energy,239.77,0.5231307905096172,-0.48,48.87,84,"[89, 89, 89, 84, 84]",False,50,5,up
TPR,Consumer Discretionary,145.87,0.513265874707638,2.44,19.16,84,"[84, 84, 87, 86, 84]",False,51,-2,down
GS,Financials,1099.14,0.5244679307052031,36.38,26.23,84,"[83, 83, 84, 85, 84]",False,52,0,stable
DD,Materials,47.95,0.5051313477647148,10.62,19.49,83,"[81, 81, 83, 84, 83]",False,53,0,stable
DAL,Industrials,82.25,0.5095074142056297,26.85,16.24,83,"[83, 83, 84, 84, 83]",False,54,0,stable
DDOG,Information Technology,226.63,0.5021326867394551,74.41,61.82,83,"[88, 88, 87, 87, 83]",False,55,-9,down
APH,Information Technology,161.11,0.4921504572722617,23.56,25.01,82,"[79, 79, 80, 83, 82]",False,56,1,up
APA,Energy,33.93,0.4995388208036864,-10.25,43.91,82,"[88, 88, 85, 82, 82]",False,57,5,up
MS,Financials,224.96,0.49788919634982975,42.65,28.84,82,"[80, 80, 81, 84, 82]",False,58,-2,down
FCX,Materials,69.06,0.455889594329173,29.08,45.95,81,"[79, 79, 81, 82, 81]",False,59,1,up
GM,Consumer Discretionary,79.58,0.4293148850869781,8.08,-2.22,81,"[81, 81, 81, 83, 81]",False,60,-1,down
CASY,Consumer Staples,850.85,0.4462896199315938,28.01,54.16,81,"[86, 86, 84, 82, 81]",False,61,0,stable
EME,Industrials,827.5,0.468076551737854,10.19,32.64,81,"[83, 83, 82, 83, 81]",False,62,-4,down
HAL,Energy,36.23,0.4232109424060866,-1.48,34.46,80,"[86, 86, 83, 81, 80]",False,63,2,up
HWM,Industrials,283.23,0.426929334223316,21.64,45.26,80,"[75, 75, 74, 80, 80]",False,64,5,up
CFG,Financials,66.78,0.42779961962100055,17.9,16.5,80,"[81, 81, 82, 81, 80]",False,65,1,up
HST,Real Estate,24.62,0.41175990422314257,30.27,38.7,79,"[80, 80, 82, 81, 79]",False,66,-2,down
AKAM,Information Technology,127.86,0.3840117468222619,16.24,45.73,79,"[82, 82, 83, 81, 79]",False,67,-4,down
BNY,Financials,146.07,0.38397761055024326,27.63,28.81,79,"[78, 78, 80, 80, 79]",False,68,-1,down
JNJ,Health Care,234.2,0.3519554646657126,-0.86,13.14,78,"[76, 76, 76, 78, 78]",False,69,4,up
AVGO,Information Technology,392.9,0.3357500926492343,23.1,15.58,78,"[73, 73, 74, 74, 78]",False,70,17,up
NTRS,Financials,174.95,0.3715535036663766,29.45,27.83,78,"[77, 77, 80, 80, 78]",False,71,-3,down
TRGP,Energy,260.74,0.3344819493619886,9.4,49.29,77,"[79, 79, 77, 77, 77]",False,72,7,up
BIIB,Health Care,198.67,0.32937846425347583,8.32,15.84,77,"[72, 72, 72, 75, 77]",False,73,10,up
BKR,Energy,60.07,0.3270089808917567,-0.72,34.38,77,"[82, 82, 80, 78, 77]",False,74,2,up
TXN,Information Technology,301.88,0.3240058417247673,61.14,72.0,76,"[74, 74, 76, 79, 76]",False,75,-5,down
BEN,Financials,33.29,0.31735123246492125,41.5,45.89,76,"[71, 71, 73, 78, 76]",False,76,-1,down
UAL,Industrials,115.83,0.31831126677284205,23.03,2.98,76,"[69, 69, 75, 79, 76]",False,77,-6,down
CVS,Health Care,99.16,0.2971642433248822,39.2,28.82,75,"[76, 76, 75, 77, 75]",False,78,0,stable
DVA,Health Care,210.58,0.3101381294086598,40.61,78.55,75,"[71, 71, 73, 75, 75]",False,79,6,up
MAR,Consumer Discretionary,394.61,0.30520454401907027,21.7,29.47,75,"[73, 73, 77, 78, 75]",False,80,-6,down
NTAP,Information Technology,154.81,0.2951751068386468,50.94,38.26,74,"[76, 76, 79, 79, 74]",False,81,-9,down
RL,Consumer Discretionary,403.85,0.28497593940496935,19.03,9.93,74,"[71, 71, 75, 76, 74]",False,82,-2,down
LUV,Industrials,46.66,0.28492722019312344,14.67,12.1,74,"[62, 62, 67, 75, 74]",False,83,1,up
AAPL,Information Technology,295.95,0.27082772497481056,18.98,7.97,73,"[72, 72, 69, 75, 73]",False,84,2,up
URI,Industrials,1048.97,0.2733509755522747,46.0,28.68,73,"[72, 72, 75, 76, 73]",False,85,-3,down
HUM,Health Care,362.0,0.2701074223940032,118.59,41.42,73,"[77, 77, 79, 77, 73]",False,86,-9,down
GE,Industrials,357.03,0.28091672451314276,22.43,19.83,73,"[62, 62, 64, 72, 73]",False,87,6,up
MPC,Energy,244.61,0.24901136066394125,4.14,39.59,72,"[77, 77, 79, 72, 72]",False,88,8,up
MRK,Health Care,115.44,0.2639565437194824,1.81,19.19,72,"[74, 74, 71, 74, 72]",False,89,-1,down
PFG,Financials,110.22,0.26351344488254913,29.34,25.19,72,"[70, 70, 71, 74, 72]",False,90,-1,down
EXPE,Consumer Discretionary,239.47,0.24499142131237983,0.24,-15.62,71,"[73, 71]",False,91,-1,down
WST,Health Care,323.59,0.24895572086372897,34.75,21.65,71,"[70, 70, 69, 73, 71]",False,92,0,stable
EIX,Utilities,70.9,0.24792994133721402,-0.19,24.85,71,"[74, 74, 78, 76, 71]",False,93,-12,down
PH,Industrials,945.97,0.2221939015094092,5.34,8.62,70,"[60, 60, 61, 69, 70]",False,94,11,up
ADM,Consumer Staples,76.5,0.22092362224577933,12.19,33.81,70,"[80, 80, 77, 71, 70]",False,95,2,up
KEY,Financials,22.6,0.23068381231533874,18.38,12.0,70,"[68, 68, 71, 72, 70]",False,96,-1,down
INCY,Health Care,98.99,0.2093391726991538,6.5,2.02,69,"[75, 75, 78, 67, 69]",False,97,14,up
AES,Utilities,14.61,0.21954337143899805,4.52,9.88,69,"[57, 57, 57, 69, 69]",False,98,6,up
MNST,Consumer Staples,91.66,0.20990716621824412,24.3,21.66,69,"[69, 69, 67, 71, 69]",False,99,-1,down
SLB,Energy,50.33,0.20161401570948811,5.8,35.32,68,"[78, 78, 76, 73, 68]",False,100,-9,down
ROK,Industrials,458.69,0.2049133946722348,29.34,15.11,68,"[67, 67, 67, 70, 68]",False,101,1,up
GL,Financials,171.25,0.2020992709213567,24.65,22.2,68,"[62, 62, 62, 64, 68]",False,102,18,up
EXPD,Industrials,160.61,0.194524942152142,9.64,7.64,67,"[70, 70, 68, 69, 67]",False,103,3,up
NXPI,Information Technology,298.2,0.19650647999782866,55.83,30.47,67,"[65, 65, 68, 68, 67]",False,104,3,up
CSX,Industrials,45.57,0.19278838430321077,18.76,24.62,67,"[71, 71, 70, 71, 67]",False,105,-6,down
MCHP,Information Technology,94.11,0.180454185448498,49.44,44.37,66,"[64, 64, 70, 68, 66]",False,106,3,up
LLY,Health Care,1112.0,0.1858878822757417,21.41,5.83,66,"[68, 68, 61, 64, 66]",False,107,15,up
FTNT,Information Technology,144.14,0.18903775400769796,73.41,74.78,66,"[66, 66, 66, 64, 66]",False,108,13,up
HLT,Consumer Discretionary,349.3,0.1732242576945262,17.34,22.32,65,"[61, 61, 63, 62, 65]",False,109,19,up
QCOM,Information Technology,212.97,0.17483179141484118,62.82,22.15,65,"[54, 54, 61, 63, 65]",False,110,16,up
PANW,Information Technology,282.13,0.1715645611119747,66.21,50.8,65,"[64, 64, 64, 62, 65]",False,111,16,up
EBAY,Consumer Discretionary,107.89,0.16881863284715326,19.23,32.91,65,"[67, 67, 64, 65, 65]",False,112,7,up
ODFL,Industrials,218.36,0.16798054620820269,19.89,39.51,64,"[75, 75, 74, 72, 64]",False,113,-19,down
NVDA,Information Technology,204.65,0.16795733837577886,14.74,15.29,64,"[65, 65, 66, 67, 64]",False,114,-4,down
CRWD,Information Technology,682.96,0.16706169133490079,59.5,39.8,64,"[68, 68, 63, 62, 64]",False,115,14,up
F,Consumer Discretionary,13.96,0.16381198128297103,21.44,4.53,63,"[69, 69, 70, 68, 63]",False,116,-8,down
FITB,Financials,52.58,0.16385717274566058,21.52,12.43,63,"[66, 66, 70, 69, 63]",False,117,-14,down
ETR,Utilities,110.86,0.1644200599948944,7.24,20.89,63,"[59, 59, 61, 63, 63]",False,118,7,up
JCI,Industrials,143.62,0.1604627494496611,8.08,21.55,62,"[63, 63, 65, 63, 62]",False,119,5,up
SPG,Real Estate,209.86,0.15872386413728545,10.9,17.58,62,"[65, 65, 66, 66, 62]",False,120,-4,down
TGT,Consumer Staples,127.81,0.16183920477734315,12.71,33.44,62,"[63, 63, 69, 70, 62]",False,121,-20,down
USB,Financials,57.91,0.15448296180164944,14.05,10.48,61,"[59, 59, 65, 66, 61]",False,122,-8,down
BG,Consumer Staples,116.14,0.15515467975883235,-4.26,27.37,61,"[82, 82, 78, 65, 61]",False,123,-6,down
WSM,Consumer Discretionary,221.15,0.1579405700644918,21.61,20.06,61,"[67, 67, 68, 70, 61]",False,124,-24,down
PSX,Energy,167.17,0.14456060821320205,-5.58,28.83,60,"[73, 73, 72, 66, 60]",False,125,-12,down
PLD,Real Estate,140.94,0.14407655167422306,8.29,12.14,60,"[63, 63, 66, 66, 60]",False,126,-11,down
CAH,Health Care,226.28,0.1428721964918298,7.54,14.91,60,"[62, 62, 62, 61, 60]",False,127,3,up
NDSN,Industrials,290.22,0.13247157429261058,8.61,23.59,59,"[56, 56, 59, 60, 59]",False,128,8,up
PNC,Financials,233.13,0.1342233225179721,16.27,12.74,59,"[60, 60, 63, 61, 59]",False,129,2,up
MGM,Consumer Discretionary,46.94,0.1423899942586071,26.39,27.42,59,"[66, 66, 73, 65, 59]",False,130,-12,down
AIZ,Financials,262.13,0.12150266098477269,24.15,13.19,58,"[55, 55, 56, 57, 58]",False,131,12,up
WELL,Real Estate,206.55,0.12851063203865443,0.57,9.24,58,"[64, 64, 65, 63, 58]",False,132,-9,down
RF,Financials,28.65,0.11625380092123705,14.73,6.15,58,"[60, 60, 62, 61, 58]",False,133,-1,down
WAB,Industrials,271.86,0.11985106532055578,14.78,27.51,58,"[53, 53, 55, 59, 58]",False,134,4,up
VTR,Real Estate,82.15,0.10558867981383835,-3.36,6.3,57,"[58, 58, 58, 60, 57]",False,135,-2,down
TJX,Consumer Discretionary,164.13,0.11513431388707684,6.46,6.48,57,"[61, 61, 59, 60, 57]",False,136,-2,down
EA,Communication Services,203.02,0.10915850459248877,1.26,-0.39,57,"[59, 59, 59, 59, 57]",False,137,0,stable
RTX,Industrials,192.58,0.10061857829049226,-3.66,7.83,56,"[56, 56, 49, 51, 56]",False,138,28,up
HOOD,Financials,105.2,0.10205413550801179,41.86,-11.89,56,"[46, 46, 50, 54, 56]",False,139,17,up
FFIV,Information Technology,384.88,0.10284054480554028,32.58,49.03,56,"[58, 58, 60, 58, 56]",False,140,1,up
GD,Industrials,362.83,0.08596416863064804,4.26,8.45,55,"[54, 54, 53, 55, 55]",False,141,9,up
SWK,Industrials,82.47,0.0943891729440145,20.71,15.76,55,"[53, 53, 57, 60, 55]",False,142,-7,down
UNH,Health Care,399.53,0.09474565594882844,43.28,21.17,55,"[54, 54, 56, 58, 55]",False,143,-1,down
FRT,Real Estate,120.48,0.07712463499375155,14.57,23.01,54,"[58, 58, 60, 58, 54]",False,144,-4,down
CDNS,Information Technology,389.6,0.07185271898425882,35.56,21.93,54,"[45, 45, 49, 53, 54]",False,145,14,up
PCAR,Industrials,117.34,0.08552589909148889,4.3,6.55,54,"[53, 53, 55, 59, 54]",False,146,-7,down
D,Utilities,68.02,0.0702524653265093,12.59,17.01,53,"[45, 45, 48, 57, 53]",False,147,-2,down
TEL,Information Technology,212.2,0.06863644015184911,7.37,-5.83,53,"[57, 53]",False,148,-4,down
AME,Industrials,231.27,0.06857496927826756,9.51,14.97,53,"[50, 50, 52, 56, 53]",False,149,0,stable
IEX,Industrials,223.69,0.0571075986846481,19.8,27.16,52,"[41, 41, 45, 52, 52]",False,150,11,up
AEP,Utilities,128.27,0.06699032308902231,0.37,13.66,52,"[52, 52, 52, 55, 52]",False,151,0,stable
HUBB,Industrials,508.87,0.05099285226318728,3.6,16.73,52,"[47, 53, 52]",False,152,6,up
EVRG,Utilities,82.85,0.04427212626591648,3.06,14.97,51,"[48, 48, 49, 54, 51]",False,153,2,up
DVN,Energy,42.58,0.042730444166001025,-12.11,22.85,51,"[57, 57, 54, 48, 51]",False,154,21,up
XOM,Energy,140.74,0.042391885276023444,-10.41,24.38,51,"[61, 61, 58, 51, 51]",False,155,8,up
LHX,Industrials,313.17,0.038334426435599145,-13.54,11.56,50,[50],False,156,-999,new
CCL,Consumer Discretionary,29.91,0.03984826486709547,20.66,7.21,50,"[39, 39, 55, 57, 50]",False,157,-11,down
MTB,Financials,225.85,0.0392832157812637,15.89,12.21,50,"[50, 50, 57, 56, 50]",False,158,-10,down
BAC,Financials,56.53,0.04123893809188761,20.88,4.26,50,"[49, 49, 53, 54, 50]",False,159,-5,down
FANG,Energy,185.48,0.03820619796833369,-2.0,25.87,49,"[55, 55, 48, 50, 49]",False,160,8,up
SNA,Industrials,381.26,0.03623014268070279,6.4,10.87,49,"[45, 45, 51, 54, 49]",False,161,-8,down
DHI,Consumer Discretionary,152.48,0.031229605400827642,10.84,-1.12,49,"[44, 44, 47, 56, 49]",False,162,-15,down
DOV,Industrials,220.79,0.029136988903825545,4.65,12.83,48,"[43, 43, 43, 50, 48]",False,163,6,up
TFC,Financials,48.17,0.024158181459855488,10.94,-1.09,48,"[56, 56, 60, 55, 48]",False,164,-12,down
GWW,Industrials,1311.1,0.027742544167303373,25.95,28.78,48,"[42, 42, 44, 49, 48]",False,165,7,up
IRM,Real Estate,125.44,0.02301505693559247,20.35,57.19,47,"[49, 49, 53, 52, 47]",False,166,-6,down
TDY,Information Technology,615.35,0.01789992808531493,-3.11,21.48,47,"[48, 48, 50, 52, 47]",False,167,-5,down
PKG,Materials,229.26,0.02081684102295389,12.91,13.98,47,"[36, 36, 41, 46, 47]",False,168,14,up
WMT,Consumer Staples,118.13,0.01204459648770051,-2.06,2.75,46,"[52, 52, 52, 53, 46]",False,169,-12,down
EQIX,Real Estate,1088.52,0.014676922527117497,12.22,45.07,46,"[36, 36, 39, 46, 46]",False,170,11,up
CRL,Health Care,182.34,0.014368363989956556,19.14,-6.6,46,"[44, 44, 46, 49, 46]",False,171,-1,down
SRE,Utilities,90.25,0.0095646055333507,-5.25,3.38,45,"[44, 44, 50, 50, 45]",False,172,-5,down
CVX,Energy,177.58,0.007876800726349442,-11.04,23.31,45,"[57, 57, 56, 46, 45]",False,173,10,up
LNT,Utilities,72.82,0.010880551044212039,2.87,13.33,45,"[42, 42, 42, 48, 45]",False,174,0,stable
JPM,Financials,333.46,0.00021799236783093257,16.39,6.7,44,"[37, 37, 41, 45, 44]",False,175,11,up
PHM,Consumer Discretionary,121.88,-0.0014669715475770229,3.64,-1.6,44,"[38, 38, 39, 49, 44]",False,176,-5,down
WMB,Energy,71.25,0.0027666199201104025,-3.08,23.77,44,"[43, 43, 43, 46, 44]",False,177,3,up
BMY,Health Care,55.28,-0.0014794840496468176,-3.89,4.2,43,"[35, 35, 38, 43, 43]",False,178,12,up
MO,Consumer Staples,68.95,-0.0030040298999733928,9.35,22.12,43,"[51, 51, 52, 49, 43]",False,179,-6,down
ETN,Industrials,409.64,-0.0031250264453357435,14.03,24.89,43,"[39, 39, 40, 44, 43]",False,180,9,up
ABBV,Health Care,221.23,-0.009104945258785913,8.16,0.53,42,"[40, 40, 41, 41, 42]",False,181,16,up
TROW,Financials,108.12,-0.00582518640819818,25.64,6.86,42,"[40, 40, 43, 45, 42]",False,182,2,up
SJM,Consumer Staples,112.96,-0.014288878023561269,13.75,15.7,42,"[46, 46, 48, 51, 42]",False,183,-19,down
NEE,Utilities,85.73,-0.008105160321189242,-6.55,6.92,42,"[34, 41, 42]",True,184,14,up
COP,Energy,111.21,-0.01573405861394006,-11.1,24.39,41,"[48, 48, 44, 38, 41]",False,185,22,up
CNP,Utilities,42.63,-0.01483409653413803,-0.89,13.27,41,"[37, 37, 38, 43, 41]",False,186,5,up
SYF,Financials,74.11,-0.014486272336970307,13.59,-10.4,41,"[38, 38, 44, 45, 41]",False,187,-2,down
L,Financials,107.68,-0.018651326828389214,1.98,3.7,40,"[41, 41, 40, 41, 40]",False,188,11,up
NI,Utilities,46.77,-0.018145550626216034,0.8,14.38,40,"[38, 38, 40, 44, 40]",False,189,-1,down
KIM,Real Estate,24.49,-0.01968355462272986,7.22,24.68,40,"[52, 52, 54, 47, 40]",False,190,-11,down
AMGN,Health Care,341.66,-0.02553832703535086,-1.62,6.09,39,"[43, 43, 42, 42, 39]",False,191,5,up
MAS,Industrials,72.62,-0.02588638540602739,22.18,13.14,39,"[35, 35, 39, 43, 39]",False,192,0,stable
DOC,Real Estate,19.4,-0.02177456375897613,11.2,23.47,39,"[47, 47, 48, 47, 39]",False,193,-15,down
NSC,Industrials,300.53,-0.030391019468641867,8.5,3.12,38,"[47, 47, 51, 47, 38]",False,194,-17,down
TXT,Industrials,92.69,-0.029648596154760343,4.53,7.41,38,"[40, 40, 37, 40, 38]",False,195,6,up
FE,Utilities,46.14,-0.032424416078410845,-6.19,6.89,38,"[37, 37, 39, 44, 38]",False,196,-9,down
PNW,Utilities,102.38,-0.03809836364591779,3.22,18.77,37,"[34, 34, 36, 40, 37]",False,197,5,up
XEL,Utilities,77.46,-0.03592588022422327,-1.87,7.46,37,"[33, 33, 36, 42, 37]",False,198,-4,down
CINF,Financials,171.47,-0.036762737467620266,9.26,4.81,37,"[32, 32, 33, 40, 37]",False,199,1,up
DOW,Materials,32.5,-0.040638501342874056,-12.43,45.44,36,"[34, 34, 35, 36, 36]",False,200,14,up
UNP,Industrials,258.05,-0.051911125900032884,10.77,10.54,36,"[41, 41, 45, 42, 36]",False,201,-6,down
OXY,Energy,53.04,-0.04688216297686698,-10.57,37.56,36,"[49, 49, 43, 37, 36]",False,202,8,up
AEE,Utilities,108.92,-0.05420140392024697,0.12,12.7,35,"[29, 29, 31, 38, 35]",False,203,6,up
KMI,Energy,31.33,-0.05714241016454347,-5.44,21.26,35,"[35, 35, 37, 37, 35]",False,204,7,up
KO,Consumer Staples,79.93,-0.053040579443976554,6.48,15.1,35,"[34, 34, 34, 36, 35]",False,205,10,up
GRMN,Consumer Discretionary,231.89,-0.052076594435025436,-0.93,12.93,35,"[32, 32, 37, 39, 35]",False,206,-1,down
PCG,Utilities,16.44,-0.06112610856117273,-9.36,8.31,34,"[36, 36, 46, 43, 34]",False,207,-14,down
VZ,Communication Services,45.84,-0.0664367919732678,-5.96,16.16,34,"[31, 31, 35, 37, 34]",False,208,4,up
EMR,Industrials,149.0,-0.06370975212394248,15.17,12.0,34,"[29, 29, 31, 36, 34]",False,209,7,up
EW,Health Care,86.68,-0.06897092638143132,5.12,1.59,33,"[27, 27, 25, 39, 33]",False,210,-6,down
TRV,Financials,306.07,-0.06683995818546418,3.54,6.51,33,"[32, 32, 32, 35, 33]",False,211,7,up
CB,Financials,327.96,-0.07120963298638738,1.65,6.08,33,"[29, 29, 29, 33, 33]",False,212,13,up
ES,Utilities,69.05,-0.08339701562513047,0.36,5.17,32,"[20, 20, 19, 31, 32]",False,213,19,up
AXP,Financials,340.54,-0.07975382868410397,15.83,-10.08,32,"[27, 35, 32]",False,214,5,up
PFE,Health Care,25.92,-0.07936066072094117,-3.88,4.93,32,"[26, 26, 27, 33, 32]",False,215,9,up
AFL,Financials,116.24,-0.08386516262199706,9.02,7.28,31,"[30, 30, 32, 34, 31]",False,216,4,up
LYV,Communication Services,171.52,-0.08375227338873104,11.24,24.2,31,"[42, 42, 45, 37, 31]",False,217,-4,down
FTV,Industrials,60.68,-0.08355395087266326,9.23,11.14,31,"[25, 25, 30, 31, 31]",False,218,12,up
ALL,Financials,221.66,-0.08501234103239952,9.19,6.89,30,"[24, 24, 25, 30, 30]",False,219,16,up
XYZ,Financials,72.84,-0.08609782484555972,23.48,12.84,30,"[18, 18, 24, 34, 30]",False,220,2,up
VMC,Materials,294.82,-0.09024139870311232,14.94,1.35,30,"[20, 34, 30]",False,221,0,stable
DTE,Utilities,147.19,-0.09579146895453539,0.03,15.3,29,"[23, 23, 23, 31, 29]",False,222,9,up
RCL,Consumer Discretionary,301.47,-0.09557795296588067,11.41,8.59,29,"[22, 22, 31, 40, 29]",False,223,-20,down
WFC,Financials,83.81,-0.09467960371206385,10.34,-8.12,29,"[28, 28, 33, 38, 29]",False,224,-16,down
OMC,Communication Services,76.31,-0.0972310728472694,1.7,-2.45,28,"[22, 22, 28, 33, 28]",False,225,1,up
LIN,Materials,515.85,-0.10090974788188256,5.65,22.6,28,"[23, 23, 26, 28, 28]",False,226,16,up
BA,Industrials,225.63,-0.09924870327862712,12.15,9.15,28,"[20, 20, 18, 26, 28]",False,227,20,up
MMM,Industrials,159.23,-0.1024131379337423,12.15,-1.49,27,"[23, 23, 25, 32, 27]",False,228,1,up
REG,Real Estate,77.37,-0.1017985204977847,1.84,17.42,27,"[33, 33, 34, 34, 27]",False,229,-6,down
DE,Industrials,588.47,-0.1050100861700003,3.98,22.0,27,"[24, 24, 28, 25, 27]",False,230,20,up
LYB,Materials,61.81,-0.10513822972697606,-16.24,47.08,27,"[28, 28, 30, 25, 27]",False,231,20,up
UPS,Industrials,105.13,-0.10809306902204652,10.71,8.27,26,"[30, 30, 30, 35, 26]",False,232,-15,down
YUM,Consumer Discretionary,154.07,-0.10568156538032492,-0.91,2.98,26,"[19, 19, 18, 29, 26]",False,233,6,up
TT,Industrials,472.51,-0.10738692785690707,11.95,19.89,26,"[21, 21, 19, 25, 26]",False,234,19,up
HSIC,Health Care,79.97,-0.11635934688907534,10.03,3.79,25,"[26, 26, 30, 32, 25]",False,235,-8,down
MET,Financials,85.85,-0.11488111851248939,26.09,5.89,25,"[29, 29, 34, 32, 25]",False,236,-8,down
BBY,Consumer Discretionary,73.1,-0.11661301067368335,15.61,2.19,25,"[25, 25, 35, 30, 25]",False,237,-3,down
WEC,Utilities,112.54,-0.12027221117048059,-1.85,9.55,24,"[21, 21, 21, 27, 24]",False,238,7,up
CPAY,Financials,353.33,-0.11688731668060659,24.25,13.09,24,"[11, 11, 20, 19, 24]",False,239,32,up
TKO,Communication Services,194.53,-0.11786026141729011,-1.02,-6.92,24,"[55, 55, 47, 39, 24]",False,240,-34,down
DGX,Health Care,197.76,-0.12079094496539144,2.3,11.68,23,"[31, 31, 28, 28, 23]",False,241,2,up
PSA,Real Estate,312.58,-0.12117403349935563,13.76,19.15,23,"[27, 27, 26, 26, 23]",False,242,6,up
DUK,Utilities,123.73,-0.12304755063930495,-3.81,8.89,23,"[21, 21, 20, 26, 23]",False,243,6,up
EOG,Energy,133.25,-0.12576625137670217,-3.27,33.19,22,"[33, 33, 24, 19, 22]",False,244,28,up
HON,Industrials,228.61,-0.1235403485232307,0.37,16.52,22,"[14, 14, 15, 23, 22]",False,245,14,up
AMZN,Consumer Discretionary,237.5,-0.12309703977941489,13.77,6.71,22,"[27, 27, 23, 29, 22]",False,246,-8,down
MSCI,Financials,596.89,-0.12751762817812828,7.69,9.1,21,"[19, 19, 22, 24, 21]",False,247,8,up
EXC,Utilities,45.56,-0.12655170046651953,-4.21,5.99,21,"[18, 18, 20, 27, 21]",False,248,-4,down
ITW,Industrials,262.11,-0.12695931346180367,1.21,5.91,21,"[18, 24, 21]",False,249,7,up
OKE,Energy,85.58,-0.12821863329056593,-2.02,23.42,20,"[28, 28, 27, 22, 20]",False,250,10,up
HBAN,Financials,16.85,-0.12926587733693995,12.08,-1.72,20,"[25, 25, 32, 30, 20]",False,251,-15,down
PPG,Materials,117.14,-0.1295807227881649,19.85,14.35,20,"[19, 19, 29, 31, 20]",False,252,-19,down
BLK,Financials,1057.38,-0.13853229172254777,9.67,0.1,19,"[21, 19]",False,253,11,up
FAST,Industrials,44.88,-0.1362761127427503,1.41,7.15,19,"[22, 22, 24, 25, 19]",False,254,-2,down
O,Real Estate,60.57,-0.12998006104386506,-2.03,8.27,19,"[26, 26, 29, 28, 19]",False,255,-15,down
SBUX,Consumer Discretionary,99.82,-0.1303853915402413,4.77,18.77,19,"[24, 24, 25, 28, 19]",False,256,-15,down
CMS,Utilities,73.31,-0.14243433082449863,-4.61,6.47,18,"[15, 15, 17, 20, 18]",False,257,12,up
SYY,Consumer Staples,79.0,-0.1419301799797168,-2.54,6.74,18,"[20, 20, 19, 19, 18]",False,258,12,up
CNC,Health Care,60.64,-0.14109224637000795,70.48,55.61,18,"[30, 30, 33, 22, 18]",False,259,4,up
DLR,Real Estate,187.08,-0.15071329404349498,4.71,26.17,17,"[17, 17, 17, 21, 17]",False,260,5,up
ED,Utilities,107.04,-0.14268207352826656,-3.36,9.99,17,"[16, 16, 16, 20, 17]",False,261,7,up
RJF,Financials,158.77,-0.1560284142963302,11.55,-1.27,17,"[19, 17]",False,262,11,up
SO,Utilities,92.53,-0.16251420685592177,-3.05,9.71,16,"[17, 17, 16, 20, 16]",False,263,4,up
CF,Materials,105.85,-0.1627719765963649,-15.35,37.78,16,"[31, 31, 22, 15, 16]",False,264,22,up
PRU,Financials,107.01,-0.15696651272898277,17.25,-6.1,16,"[18, 18, 21, 22, 16]",False,265,-3,down
SCHW,Financials,94.51,-0.17614266694886127,0.91,-0.87,15,"[17, 15]",False,266,13,up
ABNB,Consumer Discretionary,140.54,-0.1773113990671047,7.45,6.46,15,"[6, 13, 15]",True,267,26,up
ELV,Health Care,391.27,-0.1779133870161549,34.93,12.33,15,"[15, 15, 16, 18, 15]",False,268,7,up
APO,Financials,138.91,-0.18022025684841325,25.25,-4.81,14,"[9, 9, 11, 17, 14]",False,269,8,up
SW,Materials,43.42,-0.1850713976144711,18.92,17.55,14,"[13, 13, 15, 16, 14]",False,270,10,up
CTVA,Materials,77.37,-0.1866672648131802,-0.67,18.7,14,"[14, 11, 14]",False,271,26,up
APD,Materials,281.75,-0.1900584889846928,-0.22,17.89,13,"[11, 13, 13]",False,272,20,up
WAT,Health Care,357.0,-0.18865865229559842,19.17,-5.69,13,"[13, 13, 12, 16, 13]",False,273,10,up
CL,Consumer Staples,90.58,-0.18757840398365166,6.6,16.15,13,"[9, 9, 9, 14, 13]",False,274,13,up
DECK,Consumer Discretionary,105.72,-0.19390621037051692,0.77,1.46,12,"[16, 16, 23, 18, 12]",False,275,-1,down
BALL,Materials,57.72,-0.1916844357851053,-1.79,12.26,12,"[14, 17, 12]",False,276,2,up
IFF,Materials,76.05,-0.2004960392370574,12.28,19.19,12,"[12, 12, 13, 16, 12]",False,277,4,up
ECL,Materials,269.06,-0.19564637590822187,4.29,4.23,12,"[16, 12]",False,278,4,up
RVTY,Health Care,97.82,-0.2015451446653851,14.15,1.75,11,"[16, 16, 15, 18, 11]",False,279,-3,down
COF,Financials,200.87,-0.20687379480674628,12.24,-16.19,11,"[14, 11]",False,280,9,up
CHD,Consumer Staples,97.41,-0.21148055232430285,3.33,15.94,11,"[10, 10, 10, 12, 11]",False,281,13,up
EXR,Real Estate,143.92,-0.2121362618597198,6.98,12.6,10,"[14, 14, 13, 12, 10]",False,282,13,up
EG,Financials,337.52,-0.21432644202931428,7.46,4.37,10,"[10, 10, 10, 10, 10]",False,283,17,up
SOLV,Health Care,74.56,-0.21406584907440807,11.05,-7.48,10,"[17, 17, 16, 15, 10]",False,284,1,up
VRTX,Health Care,458.99,-0.21702159759279294,0.21,0.89,9,"[6, 6, 6, 10, 9]",False,285,18,up
BRK-B,Financials,491.28,-0.22798278832106322,2.04,-1.71,9,"[8, 9, 9]",False,286,19,up
PM,Consumer Staples,179.44,-0.22317997769414832,9.84,15.67,9,"[12, 12, 12, 13, 9]",False,287,3,up
CARR,Industrials,69.49,-0.23129166070390816,18.26,31.06,8,"[7, 7, 7, 12, 8]",False,288,8,up
SWKS,Information Technology,69.38,-0.23117272383455645,29.31,7.28,8,"[15, 15, 17, 13, 8]",False,289,2,up
HPQ,Information Technology,23.18,-0.2328071122169333,26.96,-3.98,8,"[14, 14, 21, 14, 8]",False,290,-2,down
ESS,Real Estate,274.4,-0.235700788868759,12.62,9.66,7,"[12, 12, 12, 10, 7]",False,291,11,up
TDG,Industrials,1316.75,-0.24572120680587173,10.47,3.63,7,"[5, 7]",True,292,25,up
CPT,Real Estate,109.35,-0.25619151429613385,10.9,5.93,7,"[12, 12, 11, 8, 7]",False,293,15,up
EQR,Real Estate,64.63,-0.2601190010683042,10.29,8.91,6,"[9, 9, 10, 9, 6]",False,294,10,up
PG,Consumer Staples,150.56,-0.26043947827465375,4.73,5.21,6,"[3, 3, 4, 7, 6]",False,295,18,up
V,Financials,330.38,-0.26235103042798746,10.46,-3.87,6,"[3, 6]",True,296,30,up
ALGN,Health Care,173.53,-0.27663687319905284,-1.54,6.53,5,"[7, 7, 6, 10, 5]",False,297,4,up
WY,Real Estate,24.33,-0.27064286363578904,6.88,6.32,5,"[3, 3, 4, 7, 5]",False,298,13,up
DRI,Consumer Discretionary,211.33,-0.2628716496474799,4.18,15.64,5,"[10, 10, 8, 4, 5]",False,299,21,up
TTWO,Communication Services,228.03,-0.28453827191144776,13.03,-6.75,4,"[5, 4]",False,300,18,up
KDP,Consumer Staples,30.89,-0.2792935677765822,14.78,9.9,4,"[7, 7, 7, 8, 4]",False,301,6,up
VRSN,Information Technology,264.92,-0.28670673964962223,10.84,10.06,4,"[11, 11, 9, 6, 4]",False,302,13,up
UDR,Real Estate,37.65,-0.28119552464859476,8.18,8.78,4,"[8, 8, 8, 6, 4]",False,303,13,up
AMP,Financials,471.97,-0.296238740301605,9.13,-2.36,3,[3],False,304,-999,new
MDLZ,Consumer Staples,60.86,-0.292836094700482,8.67,14.79,3,"[6, 6, 5, 5, 3]",False,305,14,up
LII,Industrials,516.11,-0.28888489283901875,8.47,5.39,3,"[7, 3]",False,306,6,up
MAA,Real Estate,133.11,-0.3057250410429103,8.22,2.31,2,"[4, 4, 5, 4, 2]",False,307,16,up
BXP,Real Estate,63.06,-0.3185066521907032,19.68,-8.66,2,"[4, 4, 4, 4, 2]",False,308,13,up
CI,Health Care,285.09,-0.31377543646180694,8.38,4.42,2,"[5, 5, 3, 4, 2]",False,309,13,up
INVH,Real Estate,28.49,-0.36030344451994833,15.35,8.63,1,"[2, 2, 2, 2, 1]",False,310,19,up
KVUE,Consumer Staples,18.01,-0.3582613611876718,4.57,6.88,1,"[1, 1, 1, 2, 1]",False,311,17,up
DXCM,Health Care,71.23,-0.3613647137884338,5.89,7.32,1,"[2, 2, 2, 2, 1]",False,312,15,up
HRL,Consumer Staples,24.33,-0.3936207109575858,10.31,5.63,0,"[1, 1, 1, 1, 0]",False,313,19,up
