symbol,price,pullback_pct,ema_200,volar,relative_strength,performance,rs_percentile,rs_h,vol_h,perf_h,rs_up,rank,symbol_clean,rank_diff,rank_status
BLUEJET.NS,571.95,29.44,502.42,-9.67,6.85,-29.44,100,"[100, 100]","[-9.64, -9.67]","[-29.34, -29.44]",False,1,BLUEJET,0,stable
SONATSOFTW.NS,297.65,29.08,289.07,-9.83,6.77,-29.08,100,[100],[-9.83],[-29.08],False,2,SONATSOFTW,0,new
PGEL.NS,585.45,27.84,548.68,-8.45,6.26,-26.9,99,"[99, 100, 100, 100, 99]","[-8.24, -9.05, -8.61, -8.38, -8.45]","[-26.1, -28.85, -27.4, -26.69, -26.9]",False,3,PGEL,-1,down
HEXT.NS,593.15,26.3,554.73,-10.24,6.12,-26.3,99,[99],[-10.24],[-26.3],False,4,HEXT,0,new
BAJAJHLDNG.NS,10831.0,24.12,10638.81,-12.36,5.17,-22.2,99,"[98, 97, 99]","[-12.68, -11.84, -12.36]","[-22.78, -21.29, -22.2]",False,5,BAJAJHLDNG,3,up
FIVESTAR.NS,561.3,22.0,492.03,-8.62,5.12,-22.0,98,"[99, 99, 100, 99, 98]","[-9.43, -9.86, -10.16, -10.09, -8.62]","[-23.87, -25.01, -25.8, -25.61, -22.0]",False,6,FIVESTAR,-2,down
JYOTICNC.NS,806.45,22.89,790.36,-8.13,5.03,-21.61,98,"[99, 98, 98]","[-9.32, -8.31, -8.13]","[-24.81, -22.09, -21.61]",False,7,JYOTICNC,0,stable
CRISIL.NS,4489.9,21.45,4253.2,-12.38,4.99,-21.45,97,"[100, 98, 99, 98, 97]","[-15.63, -13.25, -13.81, -12.79, -12.38]","[-26.46, -22.75, -23.77, -22.17, -21.45]",False,8,CRISIL,-2,down
POLYMED.NS,1647.7,22.21,1590.46,-7.46,4.72,-20.26,97,"[96, 96, 95, 96, 97]","[-7.54, -7.46, -7.02, -7.09, -7.46]","[-20.42, -20.2, -19.05, -19.25, -20.26]",False,9,POLYMED,2,up
KFINTECH.NS,973.75,19.39,928.0,-8.96,4.51,-19.39,97,"[99, 97]","[-10.74, -8.96]","[-23.23, -19.39]",False,10,KFINTECH,-5,down
ALKYLAMINE.NS,1811.1,22.44,1681.55,-7.73,4.5,-19.33,96,"[96, 95, 94, 94, 96]","[-8.18, -7.47, -7.46, -7.18, -7.73]","[-20.51, -18.68, -18.67, -17.97, -19.33]",False,11,ALKYLAMINE,5,up
APTUS.NS,281.3,20.46,268.27,-9.28,4.46,-19.14,96,"[85, 92, 94, 96, 96]","[-5.48, -7.14, -9.07, -9.23, -9.28]","[-11.23, -14.63, -18.71, -19.05, -19.14]",False,12,APTUS,1,up
APLLTD.NS,818.85,19.18,792.79,-10.95,4.35,-18.71,95,"[94, 97, 96, 96, 95]","[-11.01, -11.98, -12.13, -11.26, -10.95]","[-18.64, -20.38, -20.65, -19.23, -18.71]",False,13,APLLTD,-1,down
PCBL.NS,318.4,21.73,304.39,-6.87,4.35,-18.69,95,"[96, 97, 98, 95, 95]","[-7.38, -8.14, -8.17, -6.77, -6.87]","[-20.02, -22.12, -22.21, -18.43, -18.69]",False,14,PCBL,0,stable
CDSL.NS,1345.1,18.51,1331.59,-9.04,4.31,-18.51,95,[95],[-9.04],[-18.51],False,15,CDSL,0,new
DLF.NS,663.05,18.42,626.37,-9.91,4.29,-18.42,94,"[95, 98, 98, 97, 94]","[-10.81, -12.08, -12.49, -11.39, -9.91]","[-19.89, -22.35, -23.13, -21.15, -18.42]",False,16,DLF,-7,down
DIXON.NS,13903.0,24.16,12391.82,-6.94,3.97,-17.05,94,"[87, 90, 90, 93, 94]","[-4.99, -5.26, -5.69, -6.74, -6.94]","[-12.31, -12.98, -14.03, -16.55, -17.05]",False,17,DIXON,4,up
ABBOTINDIA.NS,27905.0,18.86,26707.35,-12.24,3.79,-16.26,94,"[91, 91, 91, 94, 94]","[-10.91, -10.61, -11.15, -12.76, -12.24]","[-14.53, -14.13, -14.86, -16.95, -16.26]",False,18,ABBOTINDIA,0,stable
HOMEFIRST.NS,1181.0,19.78,1137.63,-6.48,3.77,-16.2,93,"[79, 84, 92, 91, 93]","[-3.09, -3.98, -6.14, -6.24, -6.48]","[-7.68, -9.94, -15.35, -15.6, -16.2]",False,19,HOMEFIRST,6,up
KPRMILL.NS,1043.3,15.65,998.54,-5.82,3.64,-15.65,93,"[79, 82, 85, 89, 93]","[-2.78, -3.4, -4.08, -5.36, -5.82]","[-7.45, -9.15, -11.01, -14.41, -15.65]",True,20,KPRMILL,9,up
NUVOCO.NS,350.45,25.53,335.36,-7.1,3.59,-15.42,93,"[76, 80, 89, 89, 93]","[-2.41, -3.31, -5.55, -6.63, -7.1]","[-5.25, -7.22, -12.06, -14.42, -15.42]",False,21,NUVOCO,9,up
ZEEL.NS,107.57,15.11,96.43,-5.81,3.52,-15.11,92,"[98, 98, 95, 89, 92]","[-8.71, -9.15, -7.49, -5.22, -5.81]","[-22.83, -24.0, -19.51, -13.59, -15.11]",False,22,ZEEL,9,up
LTTS.NS,3599.3,22.49,3576.62,-6.66,3.49,-14.99,92,[92],[-6.66],[-14.99],False,23,LTTS,0,new
SHREECEM.NS,26875.0,14.88,25869.58,-11.07,3.46,-14.88,91,"[85, 89, 93, 92, 91]","[-8.09, -9.2, -12.54, -11.82, -11.07]","[-11.02, -12.58, -16.88, -15.91, -14.88]",False,24,SHREECEM,-1,down
GLAXO.NS,2632.6,15.56,2400.99,-8.98,3.41,-14.63,91,"[94, 93, 93, 92, 91]","[-11.82, -10.3, -10.39, -10.17, -8.98]","[-19.01, -16.59, -16.79, -16.45, -14.63]",False,25,GLAXO,-3,down
JKCEMENT.NS,5642.5,24.88,5533.83,-6.89,3.37,-14.47,91,"[86, 86, 89, 89, 91]","[-5.57, -5.24, -6.02, -6.22, -6.89]","[-11.69, -11.0, -12.63, -13.05, -14.47]",False,26,JKCEMENT,6,up
NAUKRI.NS,1236.15,14.36,1109.9,-7.7,3.34,-14.36,90,"[87, 89, 95, 95, 90]","[-6.35, -6.57, -10.47, -9.85, -7.7]","[-11.88, -12.3, -19.34, -18.26, -14.36]",False,27,NAUKRI,-12,down
OLECTRA.NS,1312.7,21.44,1270.56,-5.18,3.33,-14.32,90,"[55, 58, 59, 68, 90]","[2.14, 1.65, 1.74, 0.03, -5.18]","[6.31, 4.86, 5.12, 0.08, -14.32]",True,28,OLECTRA,61,up
DEEPAKNTR.NS,1651.3,13.37,1638.84,-7.6,3.11,-13.37,90,"[88, 90, 90, 88, 90]","[-7.16, -7.23, -8.04, -6.89, -7.6]","[-12.49, -12.62, -14.08, -12.11, -13.37]",False,29,DEEPAKNTR,4,up
ARE&M.NS,861.85,17.1,860.63,-6.89,3.07,-13.2,89,"[78, 80, 88, 88, 89]","[-3.61, -3.44, -6.15, -6.32, -6.89]","[-6.91, -6.58, -11.77, -12.1, -13.2]",False,30,ARE&M,4,up
PAGEIND.NS,40370.0,16.11,37779.86,-8.63,3.05,-13.1,89,"[90, 91, 88, 90, 89]","[-9.19, -8.93, -7.72, -9.56, -8.63]","[-14.0, -13.59, -11.76, -14.49, -13.1]",False,31,PAGEIND,-3,down
BERGEPAINT.NS,499.35,15.38,499.09,-7.43,3.0,-12.88,89,"[87, 89]","[-6.89, -7.43]","[-11.94, -12.88]",True,32,BERGEPAINT,3,up
MAXHEALTH.NS,1104.8,13.57,1057.81,-7.79,2.95,-12.67,88,"[86, 85, 85, 86, 88]","[-6.98, -6.72, -6.89, -6.8, -7.79]","[-11.36, -10.92, -11.2, -11.06, -12.67]",False,33,MAXHEALTH,6,up
ONESOURCE.NS,1731.3,13.26,1640.11,-4.82,2.94,-12.64,88,"[93, 93, 92, 91, 88]","[-6.68, -6.18, -5.76, -5.95, -4.82]","[-17.53, -16.23, -15.11, -15.57, -12.64]",False,34,ONESOURCE,-8,down
CONCOR.NS,522.4,12.53,491.34,-7.58,2.92,-12.53,87,"[90, 87]","[-9.1, -7.58]","[-14.98, -12.53]",False,35,CONCOR,-8,down
AFFLE.NS,1631.8,23.99,1542.95,-5.79,2.81,-12.06,87,[87],[-5.79],[-12.06],False,36,AFFLE,0,new
ZENTEC.NS,1640.6,17.85,1588.73,-4.87,2.79,-11.98,87,"[69, 74, 81, 86, 87]","[-0.88, -1.37, -2.74, -4.49, -4.87]","[-2.14, -3.34, -6.7, -11.03, -11.98]",True,37,ZENTEC,3,up
BHARTIHEXA.NS,1604.6,16.18,1590.79,-6.78,2.7,-11.6,86,"[80, 82, 84, 85, 86]","[-4.55, -4.83, -6.36, -6.16, -6.78]","[-7.78, -8.27, -10.88, -10.53, -11.6]",True,38,BHARTIHEXA,5,up
JUBLINGREA.NS,726.35,10.43,670.09,-4.59,2.43,-10.43,86,"[80, 84, 84, 79, 86]","[-3.47, -4.37, -4.62, -2.75, -4.59]","[-7.85, -9.91, -10.49, -6.25, -10.43]",False,39,JUBLINGREA,18,up
CHALET.NS,844.15,20.62,823.66,-5.7,2.41,-10.35,86,"[83, 86]","[-5.08, -5.7]","[-9.22, -10.35]",True,40,CHALET,6,up
TITAGARH.NS,810.4,15.17,808.11,-4.46,2.4,-10.33,85,"[84, 86, 86, 87, 85]","[-4.6, -4.9, -4.88, -4.9, -4.46]","[-10.67, -11.38, -11.33, -11.37, -10.33]",False,41,TITAGARH,-4,down
SUMICHEM.NS,528.4,18.79,463.61,-4.45,2.37,-10.19,85,"[82, 87, 88, 82, 85]","[-3.86, -5.24, -5.25, -3.5, -4.45]","[-8.81, -11.97, -11.93, -8.0, -10.19]",False,42,SUMICHEM,8,up
LICHSGFIN.NS,545.7,9.66,542.69,-6.15,2.25,-9.66,84,"[84, 84]","[-5.98, -6.15]","[-9.39, -9.66]",False,43,LICHSGFIN,2,up
INDIGO.NS,5270.5,14.38,4912.05,-4.54,2.25,-9.66,84,"[81, 89, 93, 86, 84]","[-3.98, -5.97, -7.63, -5.25, -4.54]","[-8.32, -12.55, -16.05, -11.16, -9.66]",False,44,INDIGO,-6,down
PFIZER.NS,4710.7,16.98,4693.05,-6.13,2.21,-9.49,84,[84],[-6.13],[-9.49],False,45,PFIZER,0,new
RAINBOW.NS,1469.5,9.3,1336.91,-6.61,2.16,-9.3,83,"[73, 72, 75, 74, 83]","[-2.15, -1.5, -2.71, -2.13, -6.61]","[-3.11, -2.17, -3.92, -3.1, -9.3]",False,46,RAINBOW,26,up
INDGN.NS,508.5,13.75,507.66,-5.14,2.01,-8.65,83,"[83, 83]","[-5.41, -5.14]","[-9.11, -8.65]",False,47,INDGN,0,stable
HCLTECH.NS,1318.6,21.51,1295.16,-4.86,1.99,-8.55,83,"[87, 83]","[-6.52, -4.86]","[-11.45, -8.55]",False,48,HCLTECH,-12,down
KIRLOSBROS.NS,1856.3,10.51,1732.92,-3.48,1.95,-8.37,82,"[89, 87, 86, 85, 82]","[-5.25, -4.74, -4.68, -4.47, -3.48]","[-12.65, -11.42, -11.27, -10.76, -8.37]",False,49,KIRLOSBROS,-8,down
PREMIERENE.NS,1016.9,8.98,972.73,-3.61,1.76,-7.55,82,"[72, 74, 73, 76, 82]","[-1.34, -1.58, -1.41, -2.13, -3.61]","[-2.81, -3.31, -2.95, -4.45, -7.55]",False,50,PREMIERENE,16,up
GODREJPROP.NS,2136.6,7.47,1860.0,-3.21,1.67,-7.16,81,"[79, 88, 91, 85, 81]","[-3.34, -5.41, -6.38, -4.75, -3.21]","[-7.39, -12.02, -14.17, -10.55, -7.16]",False,51,GODREJPROP,-9,down
SUNDRMFAST.NS,953.75,8.81,893.84,-4.5,1.64,-7.04,81,"[76, 78, 79, 77, 81]","[-3.89, -3.54, -3.75, -3.16, -4.5]","[-6.09, -5.54, -5.86, -4.95, -7.04]",False,52,SUNDRMFAST,11,up
MPHASIS.NS,2413.5,17.41,2357.21,-3.54,1.54,-6.61,81,[81],[-3.54],[-6.61],False,53,MPHASIS,0,new
REDINGTON.NS,278.05,6.37,248.12,-2.04,1.48,-6.37,80,"[84, 89, 92, 82, 80]","[-3.43, -4.07, -4.9, -2.77, -2.04]","[-10.59, -12.57, -15.12, -8.64, -6.37]",False,54,REDINGTON,-5,down
PETRONET.NS,277.8,13.11,275.32,-3.38,1.47,-6.31,80,[80],[-3.38],[-6.31],False,55,PETRONET,0,new
CERA.NS,6263.5,5.55,5624.83,-3.17,1.29,-5.55,80,"[84, 85, 86, 82, 80]","[-6.12, -6.2, -6.54, -4.3, -3.17]","[-10.63, -10.77, -11.38, -7.51, -5.55]",False,56,CERA,-5,down
HONAUT.NS,37510.0,5.5,34284.28,-2.93,1.28,-5.5,79,"[75, 79, 82, 81, 79]","[-2.51, -2.98, -4.19, -3.8, -2.93]","[-4.71, -5.6, -7.88, -7.15, -5.5]",False,57,HONAUT,-4,down
BAJAJFINSV.NS,1927.9,11.35,1865.54,-3.49,1.18,-5.06,79,"[77, 81, 82, 80, 79]","[-4.24, -5.16, -5.47, -4.88, -3.49]","[-6.13, -7.47, -7.91, -7.08, -5.06]",False,58,BAJAJFINSV,-4,down
PPLPHARMA.NS,193.43,7.13,169.69,-2.25,1.12,-4.8,79,"[91, 92, 87, 80, 79]","[-7.04, -7.65, -5.56, -2.96, -2.25]","[-14.79, -16.14, -11.7, -6.34, -4.8]",False,59,PPLPHARMA,-3,down
ACE.NS,1077.6,6.73,939.76,-1.94,1.01,-4.34,78,"[82, 87, 83, 80, 78]","[-4.44, -5.24, -4.03, -3.0, -1.94]","[-9.7, -11.47, -9.0, -6.71, -4.34]",False,60,ACE,-5,down
RECLTD.NS,368.45,4.09,352.45,-2.43,0.95,-4.09,78,"[75, 78, 74, 73, 78]","[-2.9, -3.08, -1.84, -1.78, -2.43]","[-4.88, -5.18, -3.09, -2.99, -4.09]",False,61,RECLTD,13,up
ELGIEQUIP.NS,569.45,8.04,537.41,-1.72,0.84,-3.61,77,"[51, 56, 60, 70, 77]","[4.47, 3.15, 2.18, -0.66, -1.72]","[9.5, 6.73, 4.65, -1.39, -3.61]",True,62,ELGIEQUIP,19,up
LICI.NS,427.15,5.39,412.45,-2.28,0.79,-3.39,77,"[74, 77, 78, 77, 77]","[-2.69, -3.3, -3.32, -3.06, -2.28]","[-3.99, -4.9, -4.93, -4.54, -3.39]",False,63,LICI,1,up
KSB.NS,846.75,14.91,837.55,-1.81,0.79,-3.4,77,"[59, 63, 68, 69, 77]","[1.88, 1.52, 0.11, -0.14, -1.81]","[3.49, 2.82, 0.21, -0.27, -3.4]",True,64,KSB,22,up
GAIL.NS,175.15,3.36,165.88,-2.17,0.78,-3.36,76,"[71, 73, 76, 73, 76]","[-1.7, -2.03, -2.71, -1.97, -2.17]","[-2.61, -3.13, -4.18, -3.05, -3.36]",False,65,GAIL,8,up
COLPAL.NS,2138.1,11.28,2074.03,-2.15,0.75,-3.22,76,"[85, 84, 84, 76, 76]","[-7.1, -6.6, -6.82, -2.92, -2.15]","[-10.74, -9.99, -10.34, -4.38, -3.22]",False,66,COLPAL,1,up
CAMS.NS,800.3,3.81,749.1,-1.61,0.71,-3.04,76,"[81, 80, 83, 78, 76]","[-4.27, -3.57, -4.73, -3.14, -1.61]","[-7.98, -6.68, -8.85, -5.9, -3.04]",False,67,CAMS,-7,down
ENGINERSIN.NS,222.59,15.16,220.69,-1.15,0.7,-3.01,75,"[72, 72, 78, 75, 75]","[-1.06, -0.76, -1.87, -1.43, -1.15]","[-2.8, -2.01, -4.92, -3.76, -3.01]",False,68,ENGINERSIN,0,stable
ICICIBANK.NS,1430.8,3.13,1347.83,-2.39,0.65,-2.8,75,"[59, 65, 71, 72, 75]","[3.32, 1.54, -1.71, -1.82, -2.39]","[3.93, 1.82, -2.01, -2.13, -2.8]",True,69,ICICIBANK,8,up
AADHARHFC.NS,497.85,10.54,491.26,-1.6,0.63,-2.71,74,"[63, 69, 77, 73, 74]","[1.26, 0.65, -2.79, -1.68, -1.6]","[2.14, 1.1, -4.73, -2.85, -2.71]",False,70,AADHARHFC,5,up
ULTRACEMCO.NS,11956.0,8.4,11746.02,-1.54,0.51,-2.21,74,"[71, 76, 76, 74, 74]","[-1.81, -2.95, -2.97, -2.34, -1.54]","[-2.6, -4.24, -4.26, -3.36, -2.21]",False,71,ULTRACEMCO,0,stable
INDHOTEL.NS,734.7,8.53,687.61,-1.37,0.49,-2.13,74,"[71, 77, 75, 72, 74]","[-1.63, -3.2, -2.19, -1.49, -1.37]","[-2.53, -4.98, -3.39, -2.3, -2.13]",False,72,INDHOTEL,4,up
JBMA.NS,659.05,11.14,634.2,-0.76,0.49,-2.09,74,"[60, 57, 62, 61, 74]","[1.18, 1.88, 1.3, 1.16, -0.76]","[3.26, 5.18, 3.6, 3.19, -2.09]",False,73,JBMA,33,up
CIPLA.NS,1444.6,12.35,1389.18,-1.46,0.47,-2.0,73,"[70, 75, 73, 75, 73]","[-1.81, -2.68, -2.03, -2.53, -1.46]","[-2.46, -3.64, -2.77, -3.45, -2.0]",False,74,CIPLA,-5,down
TRITURBINE.NS,609.35,17.82,577.81,-0.67,0.37,-1.58,73,"[75, 81, 80, 68, 73]","[-1.77, -3.1, -2.78, -0.03, -0.67]","[-4.21, -7.34, -6.58, -0.06, -1.58]",False,75,TRITURBINE,12,up
LODHA.NS,1301.4,1.54,1003.09,-0.67,0.36,-1.54,72,"[92, 95, 96, 84, 72]","[-7.29, -8.53, -8.98, -4.39, -0.67]","[-16.49, -19.38, -20.41, -9.85, -1.54]",False,76,LODHA,-32,down
ETERNAL.NS,308.35,12.98,270.24,-0.74,0.36,-1.53,72,"[49, 50, 80, 72, 72]","[4.78, 4.87, -3.23, -0.99, -0.74]","[10.38, 10.58, -6.6, -2.05, -1.53]",False,77,ETERNAL,1,up
PRESTIGE.NS,1682.3,5.74,1501.4,-0.4,0.19,-0.81,71,"[74, 80, 85, 79, 71]","[-2.06, -3.24, -5.44, -3.0, -0.4]","[-4.17, -6.58, -11.07, -6.12, -0.81]",False,78,PRESTIGE,-20,down
AIIL.NS,557.7,16.5,518.7,-0.22,0.16,-0.7,71,"[67, 74, 82, 76, 71]","[-0.01, -1.06, -2.57, -1.44, -0.22]","[-0.03, -3.33, -8.05, -4.52, -0.7]",False,79,AIIL,-14,down
HAL.NS,4600.1,5.65,4349.96,-0.34,0.13,-0.57,71,"[73, 71, 73, 70, 71]","[-1.88, -0.3, -1.63, -0.53, -0.34]","[-3.21, -0.5, -2.76, -0.91, -0.57]",False,80,HAL,2,up
BHARTIARTL.NS,1901.8,10.96,1887.27,-0.44,0.12,-0.54,70,"[63, 64, 67, 70, 70]","[1.47, 2.06, 0.65, -0.61, -0.44]","[1.8, 2.52, 0.8, -0.75, -0.54]",False,81,BHARTIARTL,2,up
KALYANKJIL.NS,608.35,0.47,432.34,-0.16,0.11,-0.47,70,"[73, 68, 74, 81, 70]","[-1.22, 0.44, -1.01, -2.5, -0.16]","[-3.63, 1.3, -3.01, -7.44, -0.47]",False,82,KALYANKJIL,-30,down
JSWINFRA.NS,318.2,9.4,288.31,-0.24,0.11,-0.46,70,"[48, 55, 65, 66, 70]","[5.79, 3.8, 1.04, 0.17, -0.24]","[11.32, 7.48, 2.04, 0.33, -0.46]",True,83,JSWINFRA,9,up
BPCL.NS,320.05,17.58,318.26,-0.07,0.03,-0.12,69,[69],[-0.07],[-0.12],False,84,BPCL,0,new
NIVABUPA.NS,86.58,2.01,80.41,0.01,-0.01,0.02,69,"[76, 77, 72, 67, 69]","[-3.36, -3.26, -1.62, 0.1, 0.01]","[-5.2, -5.04, -2.52, 0.16, 0.02]",False,85,NIVABUPA,6,up
ATGL.NS,645.55,20.13,636.61,0.05,-0.04,0.16,69,"[56, 60, 66, 65, 69]","[1.96, 1.44, 0.31, 0.44, 0.05]","[5.89, 4.34, 0.95, 1.32, 0.16]",False,86,ATGL,10,up
SCHAEFFLER.NS,4144.6,4.83,4030.24,0.24,-0.1,0.44,68,"[65, 69, 75, 68, 68]","[0.56, 0.42, -1.8, 0.05, 0.24]","[1.01, 0.76, -3.26, 0.1, 0.44]",False,87,SCHAEFFLER,3,up
GRSE.NS,2610.7,15.62,2602.67,0.15,-0.1,0.43,68,"[66, 68]","[0.25, 0.15]","[0.73, 0.43]",True,88,GRSE,6,up
MANKIND.NS,2617.9,1.6,2338.61,0.71,-0.26,1.14,67,"[70, 75, 80, 71, 67]","[-1.4, -2.53, -3.81, -1.12, 0.71]","[-2.23, -4.02, -6.08, -1.79, 1.14]",False,89,MANKIND,-10,down
KIMS.NS,798.35,6.15,728.22,0.57,-0.27,1.14,67,"[55, 62, 58, 58, 67]","[3.25, 1.51, 3.08, 2.37, 0.57]","[6.58, 3.05, 6.22, 4.79, 1.14]",False,90,KIMS,25,up
ATUL.NS,6650.0,5.98,6401.26,0.79,-0.29,1.26,67,"[78, 63, 67]","[-3.15, 1.19, 0.79]","[-4.89, 1.9, 1.26]",False,91,ATUL,10,up
COFORGE.NS,1686.0,14.55,1460.81,0.53,-0.3,1.29,66,"[95, 97, 96, 93, 66]","[-8.0, -8.39, -8.04, -6.88, 0.53]","[-19.35, -20.32, -19.56, -16.8, 1.29]",False,92,COFORGE,-73,down
M&M.NS,3271.2,13.07,3231.62,0.78,-0.32,1.37,66,"[68, 66]","[0.07, 0.78]","[0.12, 1.37]",False,93,M&M,-5,down
RKFORGE.NS,630.65,0.0,557.38,0.66,-0.34,1.44,66,"[83, 85, 81, 69, 66]","[-4.95, -4.94, -3.6, -0.27, 0.66]","[-10.47, -10.45, -7.6, -0.58, 1.44]",False,94,RKFORGE,-10,down
MSUMI.NS,41.52,19.07,40.74,0.87,-0.41,1.75,65,"[63, 65]","[0.93, 0.87]","[1.87, 1.75]",True,95,MSUMI,5,up
360ONE.NS,1128.3,5.44,1090.77,1.1,-0.46,1.97,65,"[77, 82, 72, 64, 65]","[-3.35, -4.39, -1.46, 1.0, 1.1]","[-6.11, -8.04, -2.6, 1.78, 1.97]",False,96,360ONE,3,up
GLENMARK.NS,2184.6,9.65,2157.27,1.28,-0.5,2.13,64,"[66, 71, 65, 62, 64]","[0.56, -0.54, 1.1, 1.75, 1.28]","[0.94, -0.91, 1.83, 2.93, 2.13]",False,97,GLENMARK,7,up
PNBHOUSING.NS,1069.4,4.71,965.84,1.01,-0.55,2.35,64,"[66, 70, 71, 63, 64]","[0.28, 0.22, -0.92, 0.83, 1.01]","[0.65, 0.52, -2.14, 1.92, 2.35]",False,98,PNBHOUSING,4,up
BALRAMCHIN.NS,605.25,3.12,516.21,1.23,-0.59,2.52,64,"[65, 64, 67, 64, 64]","[0.58, 0.92, 0.2, 0.77, 1.23]","[1.19, 1.9, 0.41, 1.59, 2.52]",False,99,BALRAMCHIN,-1,down
JSWENERGY.NS,544.25,9.29,531.56,1.36,-0.59,2.54,64,"[54, 56, 61, 61, 64]","[3.67, 3.34, 2.2, 1.77, 1.36]","[6.87, 6.26, 4.13, 3.32, 2.54]",False,100,JSWENERGY,7,up
IEX.NS,132.11,12.25,126.31,1.26,-0.61,2.64,63,[63],[1.26],[2.64],False,101,IEX,0,new
ENDURANCE.NS,2707.1,10.99,2589.33,1.47,-0.69,2.98,63,"[62, 62, 66, 58, 63]","[1.16, 1.62, 0.54, 2.26, 1.47]","[2.33, 3.24, 1.08, 4.59, 2.98]",False,102,ENDURANCE,12,up
TATACOMM.NS,1764.5,14.42,1735.22,1.42,-0.7,3.01,62,"[55, 69, 62, 66, 62]","[2.84, 0.36, 1.49, 0.25, 1.42]","[5.99, 0.77, 3.15, 0.54, 3.01]",False,103,TATACOMM,-10,down
PFC.NS,419.9,12.78,411.57,1.89,-0.74,3.19,62,"[64, 66, 63, 60, 62]","[0.88, 1.03, 1.8, 2.35, 1.89]","[1.48, 1.74, 3.05, 3.98, 3.19]",False,104,PFC,6,up
KAJARIACER.NS,1209.1,6.73,1106.52,1.93,-0.83,3.55,61,"[65, 68, 71, 65, 61]","[0.55, 0.68, -0.64, 0.78, 1.93]","[1.02, 1.26, -1.19, 1.44, 3.55]",False,105,KAJARIACER,-8,down
ECLERX.NS,1897.7,23.28,1727.78,1.25,-0.87,3.75,61,"[56, 59, 69, 71, 61]","[1.64, 1.61, -0.11, -0.52, 1.25]","[4.9, 4.82, -0.32, -1.56, 3.75]",False,106,ECLERX,-26,down
DEEPAKFERT.NS,1647.4,1.02,1347.05,1.46,-0.89,3.82,61,"[66, 65, 70, 62, 61]","[0.31, 0.7, -0.31, 1.21, 1.46]","[0.8, 1.83, -0.8, 3.16, 3.82]",False,107,DEEPAKFERT,-2,down
PNB.NS,111.65,13.19,109.54,2.21,-0.89,3.82,61,"[64, 70, 62, 59, 61]","[0.78, 0.3, 2.25, 2.6, 2.21]","[1.36, 0.53, 3.9, 4.5, 3.82]",False,108,PNB,5,up
TATATECH.NS,738.6,3.8,660.49,2.33,-1.03,4.43,60,"[63, 67, 67, 65, 60]","[1.13, 0.82, 0.47, 0.6, 2.33]","[2.12, 1.53, 0.88, 1.13, 4.43]",False,109,TATATECH,-14,down
CHOICEIN.NS,796.55,6.32,737.85,2.23,-1.05,4.51,60,"[52, 55, 61, 58, 60]","[3.97, 3.69, 2.16, 2.52, 2.23]","[8.01, 7.46, 4.35, 5.08, 4.51]",False,110,CHOICEIN,6,up
NH.NS,2072.8,0.0,1863.88,2.68,-1.2,5.13,59,"[62, 68, 70, 61, 59]","[1.22, 0.68, -0.4, 1.82, 2.68]","[2.32, 1.29, -0.76, 3.49, 5.13]",False,111,NH,-3,down
OBEROIRLTY.NS,1829.5,6.24,1674.26,3.14,-1.22,5.24,59,"[60, 67, 68, 59, 59]","[1.8, 0.83, 0.19, 2.5, 3.14]","[3.01, 1.4, 0.33, 4.18, 5.24]",False,112,OBEROIRLTY,-1,down
TBOTEK.NS,1508.6,12.83,1382.0,2.13,-1.23,5.3,59,"[61, 61, 69, 57, 59]","[1.15, 1.43, 0.04, 2.12, 2.13]","[2.83, 3.52, 0.1, 5.26, 5.3]",False,113,TBOTEK,5,up
SBILIFE.NS,1889.1,10.33,1878.04,4.32,-1.27,5.47,58,[58],[4.32],[5.47],False,114,SBILIFE,0,new
PERSISTENT.NS,5428.4,16.71,5211.42,2.59,-1.32,5.66,58,"[77, 58]","[-2.4, 2.59]","[-5.35, 5.66]",False,115,PERSISTENT,-53,down
MEDANTA.NS,1401.3,1.81,1220.55,3.07,-1.33,5.7,57,"[67, 63, 57, 55, 57]","[-0.08, 1.42, 3.39, 3.89, 3.07]","[-0.15, 2.63, 6.28, 7.24, 5.7]",False,116,MEDANTA,7,up
THELEELA.NS,475.6,5.3,440.6,3.33,-1.47,6.33,57,"[53, 56, 59, 62, 57]","[4.14, 3.39, 2.89, 1.14, 3.33]","[7.98, 6.52, 5.58, 2.19, 6.33]",False,117,THELEELA,-14,down
CENTURYPLY.NS,791.15,6.26,764.9,3.83,-1.49,6.39,57,"[52, 54, 55, 52, 57]","[5.47, 5.3, 5.21, 5.36, 3.83]","[9.11, 8.83, 8.72, 8.97, 6.39]",False,118,CENTURYPLY,13,up
KPIL.NS,1265.5,11.4,1238.77,3.61,-1.58,6.78,56,"[46, 50, 52, 51, 56]","[7.3, 6.01, 5.6, 4.95, 3.61]","[13.63, 11.25, 10.48, 9.27, 6.78]",False,119,KPIL,15,up
FINCABLES.NS,973.1,18.26,948.34,2.93,-1.59,6.83,56,"[54, 51, 54, 51, 56]","[3.06, 4.45, 4.05, 3.99, 2.93]","[7.08, 10.29, 9.43, 9.28, 6.83]",False,120,FINCABLES,13,up
TORNTPOWER.NS,1431.8,18.94,1425.37,3.64,-1.63,7.02,56,"[56, 57, 55, 55, 56]","[2.61, 3.19, 4.29, 3.94, 3.64]","[5.05, 6.16, 8.28, 7.59, 7.02]",False,121,TORNTPOWER,3,up
SAREGAMA.NS,524.25,0.0,411.8,2.85,-1.69,7.24,55,"[53, 73, 69, 57, 55]","[2.82, -1.15, 0.02, 2.05, 2.85]","[7.12, -2.9, 0.06, 5.21, 7.24]",False,122,SAREGAMA,-5,down
POONAWALLA.NS,465.85,14.13,437.71,3.26,-1.8,7.72,55,"[59, 59, 65, 59, 55]","[1.45, 1.94, 0.68, 1.76, 3.26]","[3.44, 4.6, 1.61, 4.18, 7.72]",False,123,POONAWALLA,-11,down
DELHIVERY.NS,472.2,9.24,453.83,3.99,-1.83,7.85,54,"[46, 52, 58, 56, 54]","[7.14, 5.02, 2.99, 2.95, 3.99]","[13.98, 9.91, 5.88, 5.81, 7.85]",False,124,DELHIVERY,-4,down
UNOMINDA.NS,1163.9,14.62,1146.44,3.81,-1.84,7.91,54,"[53, 54]","[4.21, 3.81]","[8.74, 7.91]",True,125,UNOMINDA,3,up
ANANTRAJ.NS,609.95,17.08,539.67,2.88,-1.97,8.46,54,"[64, 59, 64, 50, 54]","[0.43, 1.59, 1.01, 3.28, 2.88]","[1.24, 4.61, 2.94, 9.62, 8.46]",False,126,ANANTRAJ,10,up
CARBORUNIV.NS,1061.5,14.51,970.96,3.85,-1.98,8.52,53,"[51, 54, 54, 48, 53]","[4.3, 3.95, 4.13, 4.67, 3.85]","[9.49, 8.72, 9.12, 10.32, 8.52]",False,127,CARBORUNIV,14,up
SHYAMMETL.NS,1027.0,3.19,906.72,4.78,-1.99,8.53,53,"[43, 47, 53, 46, 53]","[8.98, 7.56, 5.83, 6.97, 4.78]","[16.02, 13.57, 10.45, 12.48, 8.53]",False,128,SHYAMMETL,18,up
AGARWALEYE.NS,493.1,9.64,466.92,4.92,-2.04,8.74,52,"[47, 53, 57, 56, 52]","[7.35, 5.44, 3.64, 3.33, 4.92]","[12.99, 9.6, 6.42, 5.87, 8.74]",False,129,AGARWALEYE,-8,down
EXIDEIND.NS,423.4,5.46,370.55,4.74,-2.04,8.75,52,"[42, 42, 49, 51, 52]","[9.17, 9.38, 7.05, 5.16, 4.74]","[16.78, 17.17, 12.9, 9.52, 8.75]",False,130,EXIDEIND,5,up
AEGISVOPAK.NS,292.46,3.63,230.31,2.9,-2.05,8.82,52,"[68, 66, 64, 52, 52]","[-0.53, 0.55, 0.94, 3.01, 2.9]","[-1.61, 1.66, 2.86, 9.14, 8.82]",False,131,AEGISVOPAK,1,up
BIOCON.NS,432.45,1.87,396.2,5.33,-2.07,8.9,51,"[48, 52, 49, 49, 51]","[6.57, 5.93, 7.24, 6.01, 5.33]","[11.04, 9.96, 12.13, 10.03, 8.9]",False,132,BIOCON,6,up
BAJFINANCE.NS,1048.4,3.59,957.62,5.36,-2.33,10.0,51,"[42, 48, 56, 52, 51]","[8.93, 7.18, 3.76, 4.78, 5.36]","[16.51, 13.25, 6.98, 8.93, 10.0]",False,133,BAJFINANCE,-3,down
AARTIIND.NS,476.75,7.08,444.03,4.33,-2.38,10.22,51,"[50, 49, 48, 45, 51]","[4.12, 4.8, 5.63, 6.0, 4.33]","[9.76, 11.33, 13.27, 14.14, 10.22]",False,134,AARTIIND,16,up
ANGELONE.NS,302.6,14.45,292.53,3.97,-2.39,10.28,50,"[38, 40, 50, 50, 50]","[7.62, 7.29, 4.6, 3.76, 3.97]","[19.75, 18.91, 11.89, 9.73, 10.28]",False,135,ANGELONE,2,up
BOSCHLTD.NS,41310.0,2.2,37675.48,5.87,-2.43,10.45,50,"[53, 52, 50, 49, 50]","[4.05, 5.7, 6.8, 5.67, 5.87]","[7.19, 10.13, 12.1, 10.08, 10.45]",False,136,BOSCHLTD,3,up
PVRINOX.NS,1118.15,9.9,1014.37,5.86,-2.47,10.61,50,"[60, 49, 50]","[2.5, 5.6, 5.86]","[4.45, 10.13, 10.61]",False,137,PVRINOX,3,up
IIFL.NS,582.35,11.8,508.49,4.2,-2.53,10.87,49,"[51, 54, 58, 54, 49]","[3.61, 3.03, 2.26, 3.16, 4.2]","[9.3, 7.81, 5.83, 8.17, 10.87]",False,138,IIFL,-12,down
WOCKPHARMA.NS,1890.1,12.21,1608.75,3.46,-2.58,11.1,49,"[58, 58, 56, 53, 49]","[1.3, 1.54, 2.51, 2.75, 3.46]","[4.18, 4.94, 8.06, 8.84, 11.1]",False,139,WOCKPHARMA,-10,down
FORTIS.NS,945.45,13.79,931.13,7.4,-2.78,11.93,49,"[39, 39, 42, 45, 49]","[12.16, 11.75, 10.78, 9.03, 7.4]","[19.73, 19.09, 17.52, 14.66, 11.93]",False,140,FORTIS,11,up
PIDILITIND.NS,1619.6,0.0,1477.01,9.24,-2.84,12.2,48,"[54, 53, 55, 48, 48]","[5.43, 7.28, 6.55, 8.49, 9.24]","[7.09, 9.51, 8.58, 11.2, 12.2]",False,141,PIDILITIND,1,up
IFCI.NS,68.52,23.93,64.45,4.0,-2.97,12.77,48,"[41, 43, 45, 46, 48]","[5.46, 5.26, 5.13, 4.35, 4.0]","[17.44, 16.82, 16.4, 13.88, 12.77]",True,142,IFCI,5,up
CHOLAFIN.NS,1753.0,5.38,1644.24,6.31,-3.05,13.12,47,"[47, 49, 53, 44, 47]","[6.11, 5.48, 5.0, 7.18, 6.31]","[12.61, 11.33, 10.33, 14.91, 13.12]",False,143,CHOLAFIN,9,up
TECHM.NS,1635.2,5.13,1448.46,7.51,-3.05,13.12,47,"[57, 60, 60, 56, 47]","[2.59, 2.56, 2.58, 3.2, 7.51]","[4.51, 4.46, 4.5, 5.58, 13.12]",False,144,TECHM,-25,down
DIVISLAB.NS,7425.0,0.0,6532.8,9.25,-3.06,13.16,47,"[52, 51, 52, 47, 47]","[5.95, 7.22, 7.46, 8.72, 9.25]","[8.44, 10.23, 10.56, 12.41, 13.16]",False,145,DIVISLAB,0,stable
IKS.NS,1819.6,5.63,1640.16,6.3,-3.08,13.23,46,"[41, 46, 51, 45, 46]","[8.17, 6.87, 5.47, 6.66, 6.3]","[16.93, 14.31, 11.42, 13.98, 13.23]",False,146,IKS,3,up
JINDALSAW.NS,257.15,6.76,219.84,4.65,-3.12,13.39,46,"[44, 43, 47, 48, 46]","[5.44, 5.96, 5.11, 4.01, 4.65]","[15.6, 17.11, 14.67, 11.54, 13.39]",False,147,JINDALSAW,-4,down
WELSPUNLIV.NS,160.23,7.99,140.01,4.64,-3.19,13.71,46,"[39, 45, 45, 38, 46]","[6.55, 5.27, 5.36, 6.42, 4.64]","[19.36, 15.57, 15.83, 18.95, 13.71]",False,148,WELSPUNLIV,22,up
YESBANK.NS,22.81,10.48,22.02,8.04,-3.26,13.99,45,"[45, 46, 47, 43, 45]","[8.57, 8.75, 8.51, 8.78, 8.04]","[14.9, 15.22, 14.81, 15.28, 13.99]",False,149,YESBANK,6,up
ALKEM.NS,5651.5,3.28,5487.15,10.15,-3.3,14.16,45,"[45, 48, 47, 46, 45]","[10.29, 9.19, 10.33, 9.98, 10.15]","[14.31, 12.82, 14.41, 13.92, 14.16]",False,150,ALKEM,-2,down
3MINDIA.NS,35090.0,5.41,32950.47,7.45,-3.33,14.3,44,"[37, 34, 43, 44, 44]","[10.89, 12.08, 9.02, 7.92, 7.45]","[20.97, 23.29, 17.3, 15.2, 14.3]",False,151,3MINDIA,2,up
GRASIM.NS,3116.2,3.03,2936.55,10.54,-3.33,14.31,44,"[44, 44, 48, 43, 44]","[11.32, 12.16, 10.21, 11.26, 10.54]","[15.37, 16.47, 13.88, 15.3, 14.31]",False,152,GRASIM,4,up
ZYDUSLIFE.NS,1099.2,5.07,1004.54,10.44,-3.39,14.57,44,"[40, 43, 43, 41, 44]","[12.65, 12.06, 12.4, 11.91, 10.44]","[17.65, 16.85, 17.31, 16.63, 14.57]",False,153,ZYDUSLIFE,9,up
UNITDSPR.NS,1508.8,0.0,1336.47,10.2,-3.51,15.07,43,"[61, 57, 51, 47, 43]","[1.8, 3.4, 7.61, 8.43, 10.2]","[2.63, 4.97, 11.21, 12.43, 15.07]",False,154,UNITDSPR,-10,down
THERMAX.NS,4416.5,14.05,3953.61,6.75,-3.53,15.17,43,"[32, 37, 46, 42, 43]","[11.24, 9.76, 6.63, 6.94, 6.75]","[25.09, 21.84, 14.91, 15.6, 15.17]",False,155,THERMAX,3,up
ADANIENT.NS,3002.3,6.53,2585.08,6.86,-3.53,15.15,43,"[37, 38, 44, 41, 43]","[9.89, 9.71, 7.69, 7.33, 6.86]","[21.69, 21.3, 17.0, 16.2, 15.15]",False,156,ADANIENT,4,up
CREDITACC.NS,1576.6,0.91,1352.32,6.12,-3.6,15.45,42,"[39, 42, 41, 40, 42]","[7.55, 6.81, 7.34, 6.9, 6.12]","[19.1, 17.26, 18.59, 17.43, 15.45]",False,157,CREDITACC,7,up
METROPOLIS.NS,585.5,0.0,511.32,8.33,-3.63,15.6,42,"[42, 41, 46, 42, 42]","[8.75, 9.64, 8.31, 8.61, 8.33]","[16.44, 18.1, 15.58, 16.14, 15.6]",False,158,METROPOLIS,1,up
GODREJIND.NS,1309.2,7.65,1088.46,5.92,-3.68,15.81,41,"[38, 41, 45, 39, 41]","[7.64, 6.49, 6.15, 6.76, 5.92]","[20.38, 17.34, 16.41, 18.04, 15.81]",False,159,GODREJIND,6,up
IPCALAB.NS,1789.0,5.87,1564.72,8.56,-3.79,16.27,41,"[36, 38, 37, 34, 41]","[11.51, 11.27, 10.82, 11.36, 8.56]","[22.21, 21.75, 20.88, 21.93, 16.27]",False,160,IPCALAB,19,up
GRAPHITE.NS,648.55,15.34,639.12,6.52,-3.8,16.33,41,"[37, 41, 41]","[8.33, 6.53, 6.52]","[20.88, 16.36, 16.33]",False,161,GRAPHITE,0,stable
ABSLAMC.NS,999.2,14.58,961.67,7.36,-3.95,16.98,40,"[34, 36, 39, 42, 40]","[10.48, 9.68, 8.42, 6.7, 7.36]","[24.03, 22.21, 19.36, 15.44, 16.98]",False,162,ABSLAMC,-5,down
INDUSINDBK.NS,991.95,7.23,900.71,9.31,-4.0,17.18,40,"[35, 35, 41, 38, 40]","[12.8, 12.79, 9.95, 10.02, 9.31]","[23.13, 23.1, 18.32, 18.46, 17.18]",False,163,INDUSINDBK,6,up
ASIANPAINT.NS,2736.2,7.03,2563.74,11.67,-4.08,17.52,40,"[47, 47, 49, 43, 40]","[8.98, 9.52, 8.49, 10.16, 11.67]","[13.39, 14.19, 12.67, 15.26, 17.52]",False,164,ASIANPAINT,-10,down
GMRAIRPORT.NS,107.96,6.11,100.68,9.35,-4.09,17.57,39,"[40, 44, 44, 39, 39]","[9.47, 8.76, 8.8, 9.68, 9.35]","[17.74, 16.44, 16.54, 18.19, 17.57]",False,165,GMRAIRPORT,1,up
IDFCFIRSTB.NS,85.75,0.37,75.1,8.95,-4.11,17.64,39,"[48, 51, 51, 40, 39]","[5.71, 5.35, 5.92, 8.5, 8.95]","[11.13, 10.44, 11.53, 16.75, 17.64]",False,166,IDFCFIRSTB,-3,down
SIEMENS.NS,3681.0,5.1,3443.17,9.37,-4.11,17.64,39,"[40, 44, 42, 39, 39]","[9.53, 8.85, 9.27, 9.72, 9.37]","[17.92, 16.65, 17.44, 18.29, 17.64]",False,167,SIEMENS,0,stable
LALPATHLAB.NS,1805.2,1.2,1546.76,9.44,-4.14,17.8,38,"[45, 47, 42, 34, 38]","[8.1, 7.62, 9.7, 11.76, 9.44]","[15.05, 14.16, 18.19, 22.22, 17.8]",False,168,LALPATHLAB,12,up
SUNPHARMA.NS,1976.7,0.0,1788.76,14.43,-4.16,17.89,38,"[43, 45, 44, 38, 38]","[13.13, 12.75, 13.53, 14.81, 14.43]","[16.23, 15.77, 16.74, 18.38, 17.89]",False,169,SUNPHARMA,-1,down
PAYTM.NS,1307.9,5.67,1177.94,7.83,-4.24,18.23,37,"[27, 31, 35, 35, 37]","[12.88, 11.3, 9.45, 8.72, 7.83]","[30.13, 26.5, 22.09, 20.38, 18.23]",False,170,PAYTM,6,up
NUVAMA.NS,1808.8,8.65,1514.13,8.29,-4.34,18.66,37,"[34, 33, 27, 30, 37]","[10.55, 10.93, 13.42, 11.82, 8.29]","[23.28, 24.11, 29.7, 26.27, 18.66]",False,171,NUVAMA,20,up
NMDC.NS,83.92,12.62,83.11,11.84,-4.78,20.52,37,"[31, 37, 37, 37, 37]","[14.99, 12.63, 12.12, 11.29, 11.84]","[26.06, 21.88, 21.02, 19.57, 20.52]",False,172,NMDC,0,stable
AJANTPHARM.NS,3342.4,6.51,2982.99,12.74,-4.86,20.87,36,"[28, 32, 33, 30, 36]","[18.26, 15.92, 14.8, 15.77, 12.74]","[29.75, 26.14, 24.35, 25.95, 20.87]",False,173,AJANTPHARM,17,up
APOLLOHOSP.NS,8903.0,0.39,7988.63,17.63,-4.94,21.22,36,"[36, 35, 36, 36, 36]","[18.02, 18.81, 18.08, 16.83, 17.63]","[21.76, 22.7, 21.83, 20.25, 21.22]",False,174,APOLLOHOSP,0,stable
JSWSTEEL.NS,1246.9,4.48,1215.25,14.48,-4.96,21.31,36,"[35, 34, 36, 35, 36]","[15.85, 15.8, 14.33, 14.33, 14.48]","[23.25, 23.18, 21.08, 21.08, 21.31]",False,175,JSWSTEEL,2,up
GLAND.NS,2428.3,4.77,2039.81,10.95,-4.99,21.45,35,"[33, 35, 35, 37, 35]","[12.6, 11.71, 11.39, 10.31, 10.95]","[24.8, 23.07, 22.44, 20.2, 21.45]",False,176,GLAND,-3,down
VIJAYA.NS,1359.1,3.78,1159.38,10.72,-5.0,21.47,35,"[29, 28, 28, 25, 35]","[13.13, 13.35, 14.15, 15.71, 10.72]","[27.53, 27.97, 29.61, 32.99, 21.47]",False,177,VIJAYA,28,up
CGCL.NS,228.22,11.85,199.52,10.52,-5.07,21.78,34,"[21, 25, 27, 23, 34]","[18.2, 16.25, 15.0, 17.07, 10.52]","[36.78, 32.92, 30.46, 34.74, 21.78]",False,178,CGCL,32,up
PTCIL.NS,17874.0,7.77,17196.24,10.7,-5.31,22.82,34,"[35, 36, 36, 32, 34]","[10.81, 10.6, 10.26, 11.49, 10.7]","[23.06, 22.62, 21.89, 24.51, 22.82]",False,179,PTCIL,5,up
SAIL.NS,165.85,19.51,164.68,10.55,-5.43,23.32,34,[34],[10.55],[23.32],False,180,SAIL,0,new
UNIONBANK.NS,168.24,14.37,163.78,11.43,-5.48,23.53,33,"[28, 33, 31, 30, 33]","[13.7, 11.64, 13.1, 12.77, 11.43]","[28.12, 24.01, 26.97, 26.28, 23.53]",False,181,UNIONBANK,11,up
SOLARINDS.NS,18244.0,4.15,15838.59,11.66,-5.53,23.74,33,"[32, 31, 34, 31, 33]","[12.66, 13.05, 11.71, 12.62, 11.66]","[25.73, 26.5, 23.81, 25.64, 23.74]",False,182,SOLARINDS,7,up
CAPLIPOINT.NS,2588.3,3.11,2074.51,11.26,-5.54,23.78,32,"[34, 40, 40, 32, 32]","[11.72, 8.83, 9.18, 11.71, 11.26]","[24.04, 18.33, 19.05, 24.7, 23.78]",False,183,CAPLIPOINT,3,up
HEG.NS,651.05,2.05,556.74,9.18,-5.54,23.79,32,"[49, 48, 38, 35, 32]","[4.0, 4.69, 7.74, 8.36, 9.18]","[10.29, 12.07, 20.06, 21.69, 23.79]",False,184,HEG,-6,down
AKUMS.NS,662.15,5.67,538.19,11.97,-5.54,23.8,32,"[33, 30, 30, 31, 32]","[12.41, 13.38, 14.34, 12.84, 11.97]","[24.66, 26.55, 28.41, 25.48, 23.8]",False,185,AKUMS,3,up
HEROMOTOCO.NS,5154.3,16.04,5113.61,14.24,-5.57,23.95,31,"[33, 31]","[13.72, 14.24]","[23.06, 23.95]",False,186,HEROMOTOCO,-3,down
KEI.NS,4843.0,14.44,4779.42,12.42,-5.62,24.14,31,"[30, 30, 35, 33, 31]","[13.69, 13.72, 11.38, 11.76, 12.42]","[26.62, 26.68, 22.14, 22.88, 24.14]",False,187,KEI,-5,down
CGPOWER.NS,844.1,13.56,803.76,11.8,-5.67,24.34,31,"[24, 22, 31, 28, 31]","[16.12, 18.18, 13.27, 14.03, 11.8]","[33.0, 37.04, 27.17, 28.74, 24.34]",False,188,CGPOWER,9,up
NLCINDIA.NS,299.05,19.37,291.15,10.51,-5.69,24.44,30,"[34, 32, 30]","[10.27, 10.53, 10.51]","[23.87, 24.49, 24.44]",False,189,NLCINDIA,-4,down
SAMMAANCAP.NS,163.27,14.04,156.9,9.61,-5.77,24.78,30,"[33, 39, 40, 33, 30]","[9.62, 7.86, 7.3, 8.84, 9.61]","[24.82, 20.18, 18.83, 22.85, 24.78]",False,190,SAMMAANCAP,-9,down
LUPIN.NS,2395.8,4.73,2255.07,19.14,-5.84,25.07,30,"[27, 32, 33, 28, 30]","[23.69, 20.08, 20.06, 20.74, 19.14]","[30.33, 26.25, 26.24, 27.18, 25.07]",False,191,LUPIN,4,up
FLUOROCHEM.NS,4487.5,2.6,3660.96,13.1,-5.95,25.58,29,"[23, 26, 29, 28, 29]","[17.33, 16.01, 14.74, 13.97, 13.1]","[33.89, 31.28, 28.74, 27.24, 25.58]",False,192,FLUOROCHEM,4,up
VTL.NS,612.5,8.07,557.84,11.23,-5.99,25.72,29,"[31, 31, 30, 27, 29]","[11.34, 11.57, 12.4, 13.66, 11.23]","[25.93, 26.45, 28.31, 31.23, 25.72]",False,193,VTL,6,up
MARICO.NS,883.25,0.0,791.65,23.35,-6.1,26.19,29,"[41, 38, 38, 36, 29]","[15.71, 18.84, 18.5, 18.25, 23.35]","[17.56, 20.97, 20.63, 20.34, 26.19]",False,194,MARICO,-19,down
ADANIPORTS.NS,1774.7,5.76,1632.07,15.33,-6.11,26.25,28,"[29, 30, 33, 31, 28]","[16.18, 15.55, 14.59, 14.67, 15.33]","[27.66, 26.61, 24.99, 25.13, 26.25]",False,195,ADANIPORTS,-8,down
SBIN.NS,1013.2,15.99,1009.45,18.5,-6.16,26.45,28,"[28, 29, 32, 29, 28]","[19.83, 18.7, 18.73, 18.61, 18.5]","[28.25, 26.74, 26.78, 26.61, 26.45]",False,196,SBIN,-3,down
ACMESOLAR.NS,355.5,9.77,299.85,10.99,-6.3,27.05,27,"[23, 23, 28, 29, 27]","[13.78, 13.86, 11.78, 10.86, 10.99]","[34.07, 34.25, 29.01, 26.74, 27.05]",False,197,ACMESOLAR,-3,down
ABB.NS,7243.5,5.53,6414.1,14.86,-6.49,27.87,27,"[22, 24, 29, 27, 27]","[18.28, 17.92, 15.44, 15.52, 14.86]","[34.41, 33.73, 28.93, 29.08, 27.87]",False,198,ABB,0,stable
LLOYDSME.NS,1979.1,1.78,1564.75,12.71,-6.78,29.14,27,"[25, 28, 32, 26, 27]","[13.92, 11.91, 11.79, 14.0, 12.71]","[31.62, 27.18, 26.84, 32.05, 29.14]",False,199,LLOYDSME,3,up
NESTLEIND.NS,1491.8,0.12,1341.65,23.03,-6.94,29.8,26,"[38, 36, 39, 37, 26]","[15.2, 16.82, 14.62, 14.45, 23.03]","[19.78, 22.07, 19.36, 19.14, 29.8]",False,200,NESTLEIND,-29,down
INDIANB.NS,834.25,14.07,833.05,14.82,-7.13,30.65,26,[26],[14.82],[30.65],False,201,INDIANB,0,new
SCI.NS,278.9,19.09,270.91,11.34,-7.52,32.3,26,"[23, 24, 26]","[11.99, 11.75, 11.34]","[34.16, 33.46, 32.3]",True,202,SCI,4,up
OFSS.NS,11334.0,3.71,8959.32,15.57,-7.55,32.45,25,"[18, 28, 31, 26, 25]","[19.28, 14.01, 13.44, 15.34, 15.57]","[38.95, 28.95, 27.79, 31.95, 32.45]",False,203,OFSS,-2,down
EMCURE.NS,1892.2,1.69,1633.96,16.09,-7.69,33.02,25,"[17, 20, 24, 22, 25]","[19.79, 18.61, 15.75, 17.24, 16.09]","[40.82, 38.47, 32.21, 35.33, 33.02]",False,204,EMCURE,8,up
MINDACORP.NS,683.6,3.65,594.02,16.37,-7.75,33.31,24,"[29, 29, 25, 24, 24]","[13.52, 13.41, 15.23, 16.99, 16.37]","[27.32, 27.1, 30.89, 34.55, 33.31]",False,205,MINDACORP,3,up
MANAPPURAM.NS,361.25,0.0,302.85,16.02,-7.81,33.53,24,"[25, 26, 26, 25, 24]","[14.77, 14.35, 14.67, 15.58, 16.02]","[30.86, 30.0, 30.66, 32.6, 33.53]",False,206,MANAPPURAM,-3,down
POLYCAB.NS,9121.5,9.54,8434.01,18.5,-7.91,33.97,24,"[27, 25, 29, 27, 24]","[16.33, 17.36, 15.57, 17.16, 18.5]","[29.91, 31.87, 28.58, 31.49, 33.97]",False,207,POLYCAB,-7,down
ADANIGREEN.NS,1377.8,14.13,1233.65,12.93,-8.14,34.99,23,"[15, 18, 21, 22, 23]","[17.56, 16.01, 13.9, 13.08, 12.93]","[46.83, 42.91, 37.62, 35.38, 34.99]",True,208,ADANIGREEN,5,up
STARHEALTH.NS,584.0,3.19,513.19,23.94,-8.31,35.69,23,"[22, 24, 26, 24, 23]","[23.83, 22.56, 20.58, 22.57, 23.94]","[35.63, 33.81, 30.75, 33.81, 35.69]",False,209,STARHEALTH,-2,down
BSE.NS,3457.8,21.27,3357.09,14.85,-8.4,36.07,23,"[13, 15, 19, 21, 23]","[19.93, 20.06, 16.35, 15.94, 14.85]","[48.44, 48.73, 39.66, 38.67, 36.07]",True,210,BSE,6,up
NEULANDLAB.NS,18871.0,3.26,16046.9,15.5,-8.61,36.99,22,"[26, 27, 24, 20, 22]","[12.75, 12.35, 13.75, 16.23, 15.5]","[30.39, 29.47, 32.79, 38.73, 36.99]",False,211,NEULANDLAB,6,up
USHAMART.NS,512.3,1.44,458.88,17.4,-8.7,37.36,22,"[26, 26, 25, 25, 22]","[14.21, 14.58, 14.63, 15.28, 17.4]","[30.5, 31.29, 31.39, 32.8, 37.36]",False,212,USHAMART,-8,down
ASTERDM.NS,813.5,1.35,709.28,20.71,-8.74,37.54,21,"[19, 23, 25, 23, 21]","[20.9, 19.52, 17.74, 19.18, 20.71]","[37.69, 35.26, 32.06, 34.74, 37.54]",False,213,ASTERDM,-4,down
BAJAJ-AUTO.NS,11374.0,0.0,9730.99,27.11,-9.11,39.16,21,"[30, 25, 22, 23, 21]","[19.09, 23.34, 24.95, 24.28, 27.11]","[26.65, 33.61, 36.07, 35.06, 39.16]",False,214,BAJAJ-AUTO,-3,down
AIAENG.NS,4603.0,9.41,4107.7,21.12,-9.13,39.22,21,"[22, 21, 21, 20, 21]","[19.62, 20.52, 20.48, 20.94, 21.12]","[36.5, 38.08, 38.02, 38.88, 39.22]",False,215,AIAENG,4,up
AUROPHARMA.NS,1549.2,4.4,1368.56,23.9,-9.21,39.58,20,"[19, 23, 19, 19, 20]","[22.5, 21.01, 23.91, 23.66, 23.9]","[37.38, 35.09, 39.62, 39.18, 39.58]",False,216,AUROPHARMA,4,up
TITAN.NS,4849.7,0.0,4202.77,27.43,-9.23,39.64,20,"[20, 20, 23, 21, 20]","[25.72, 27.06, 24.46, 25.72, 27.43]","[37.01, 38.91, 35.13, 37.0, 39.64]",False,217,TITAN,-3,down
PHOENIXLTD.NS,2023.2,6.07,1801.89,23.54,-9.3,39.94,20,"[18, 20, 22, 18, 20]","[23.27, 22.71, 21.6, 23.77, 23.54]","[39.41, 38.52, 36.67, 40.32, 39.94]",False,218,PHOENIXLTD,5,up
TORNTPHARM.NS,4898.3,3.3,4302.1,30.04,-9.4,40.39,19,"[15, 17, 17, 17, 19]","[33.89, 33.21, 32.05, 31.79, 30.04]","[45.1, 44.2, 42.87, 42.5, 40.39]",False,219,TORNTPHARM,6,up
AUBANK.NS,1047.7,2.28,973.73,21.94,-9.44,40.55,19,"[31, 33, 20, 17, 19]","[13.91, 12.48, 20.97, 23.16, 21.94]","[25.89, 23.31, 38.33, 42.82, 40.55]",False,220,AUBANK,6,up
NAM-INDIA.NS,1150.3,5.57,1006.0,17.28,-9.72,41.77,19,"[18, 19, 24, 18, 19]","[16.69, 16.35, 13.5, 16.24, 17.28]","[40.14, 39.33, 32.56, 39.31, 41.77]",False,221,NAM-INDIA,1,up
CCL.NS,1188.2,3.37,1076.18,20.05,-9.76,41.94,18,"[21, 19, 19, 21, 18]","[17.56, 18.76, 18.59, 18.26, 20.05]","[36.79, 39.22, 38.91, 38.22, 41.94]",False,222,CCL,-7,down
RBLBANK.NS,364.9,4.14,331.5,21.95,-9.97,42.83,18,"[20, 22, 20, 18, 18]","[19.19, 18.23, 19.85, 20.82, 21.95]","[37.33, 35.59, 38.63, 40.65, 42.83]",False,223,RBLBANK,1,up
TVSMOTOR.NS,3993.5,0.0,3565.34,25.0,-10.06,43.24,17,"[24, 21, 19, 20, 17]","[18.79, 21.86, 22.64, 22.56, 25.0]","[32.18, 37.62, 38.93, 38.8, 43.24]",False,224,TVSMOTOR,-6,down
SCHNEIDER.NS,1332.7,11.21,1092.39,14.67,-10.25,44.02,17,"[13, 16, 16, 16, 17]","[16.76, 16.0, 15.01, 14.71, 14.67]","[50.3, 48.03, 45.04, 44.14, 44.02]",False,225,SCHNEIDER,3,up
MOTHERSON.NS,147.86,2.37,128.66,20.49,-10.28,44.18,16,"[17, 18, 13, 12, 16]","[19.37, 19.68, 23.24, 23.71, 20.49]","[42.25, 42.91, 50.41, 51.46, 44.18]",False,226,MOTHERSON,13,up
JBCHEPHARM.NS,2408.9,3.87,2073.4,34.16,-10.28,44.18,16,"[14, 16, 16, 15, 16]","[36.27, 36.98, 34.83, 34.66, 34.16]","[46.91, 47.8, 44.86, 44.73, 44.18]",False,227,JBCHEPHARM,3,up
MAHABANK.NS,80.2,14.54,73.12,20.36,-10.33,44.39,16,"[14, 17, 15, 14, 16]","[21.78, 20.32, 22.07, 21.59, 20.36]","[47.1, 44.12, 48.13, 47.09, 44.39]",False,228,MAHABANK,5,up
ABCAPITAL.NS,391.35,4.49,354.15,21.0,-10.34,44.44,16,"[12, 14, 15, 13, 16]","[24.68, 24.42, 22.12, 23.25, 21.0]","[52.06, 51.54, 46.66, 49.09, 44.44]",False,229,ABCAPITAL,7,up
GESHIP.NS,1377.4,19.9,1347.58,20.81,-10.51,45.16,15,"[15, 15, 14, 15, 15]","[21.13, 22.61, 22.84, 20.91, 20.81]","[45.63, 48.88, 49.38, 45.37, 45.16]",False,230,GESHIP,1,up
EICHERMOT.NS,7836.0,4.32,7238.75,26.81,-10.51,45.14,15,"[19, 21, 17, 16, 15]","[22.48, 22.19, 25.04, 26.52, 26.81]","[37.86, 37.38, 42.05, 44.63, 45.14]",False,231,EICHERMOT,-2,down
SONACOMS.NS,713.0,2.7,568.11,23.99,-10.75,46.17,14,"[12, 13, 12, 14, 14]","[26.56, 26.92, 27.28, 25.14, 23.99]","[51.7, 52.37, 52.74, 48.33, 46.17]",False,232,SONACOMS,3,up
HSCL.NS,749.65,6.4,570.73,21.51,-10.78,46.33,14,"[11, 14, 11, 10, 14]","[26.04, 23.38, 25.42, 25.26, 21.51]","[54.91, 49.68, 54.07, 53.74, 46.33]",False,233,HSCL,11,up
CRAFTSMAN.NS,9290.0,5.15,8154.59,20.54,-10.89,46.8,14,"[16, 16, 18, 15, 14]","[19.69, 20.55, 18.29, 20.09, 20.54]","[45.06, 47.0, 41.79, 45.79, 46.8]",False,234,CRAFTSMAN,-2,down
M&MFIN.NS,373.5,5.56,317.75,19.38,-11.03,47.37,13,"[21, 15, 22, 17, 13]","[15.46, 20.12, 15.27, 17.72, 19.38]","[36.72, 48.8, 37.27, 43.2, 47.37]",False,235,M&MFIN,-8,down
APARINDS.NS,13480.0,19.11,11801.48,16.57,-11.23,48.26,13,"[9, 11, 13, 10, 13]","[19.72, 18.63, 17.96, 18.88, 16.57]","[57.15, 54.02, 52.06, 54.73, 48.26]",False,236,APARINDS,9,up
NAVINFLUOR.NS,7512.5,4.69,6662.44,22.62,-11.24,48.29,13,"[9, 10, 13, 11, 13]","[27.8, 28.46, 23.99, 24.88, 22.62]","[59.0, 60.33, 50.94, 52.94, 48.29]",False,237,NAVINFLUOR,5,up
LTF.NS,311.0,7.33,284.82,22.87,-11.53,49.55,12,"[10, 13, 16, 14, 12]","[25.34, 23.98, 21.28, 22.02, 22.87]","[55.12, 52.13, 46.03, 47.75, 49.55]",False,238,LTF,-4,down
KARURVYSYA.NS,338.4,0.37,284.27,23.03,-12.26,52.69,12,"[11, 12, 12, 11, 12]","[22.95, 23.3, 23.05, 23.13, 23.03]","[52.48, 53.27, 52.72, 52.92, 52.69]",False,239,KARURVYSYA,2,up
NYKAA.NS,329.6,0.15,274.42,30.11,-12.3,52.86,11,"[12, 11, 15, 13, 11]","[28.74, 30.32, 26.58, 28.1, 30.11]","[50.8, 53.43, 46.71, 49.4, 52.86]",False,240,NYKAA,-3,down
CUB.NS,238.14,0.0,199.96,22.67,-12.37,53.13,11,"[16, 18, 18, 19, 11]","[18.68, 18.07, 17.35, 17.06, 22.67]","[42.91, 41.58, 39.96, 39.28, 53.13]",False,241,CUB,-20,down
CUMMINSIND.NS,5455.5,8.74,4995.08,31.5,-12.81,55.06,11,"[9, 10, 9, 10, 11]","[33.94, 34.39, 33.43, 33.17, 31.5]","[59.23, 60.01, 58.13, 57.67, 55.06]",False,242,CUMMINSIND,4,up
ANANDRATHI.NS,2037.9,5.07,1734.98,38.94,-12.92,55.51,10,"[8, 11, 10, 11, 10]","[43.55, 41.47, 38.35, 37.28, 38.94]","[62.33, 59.3, 54.99, 53.37, 55.51]",False,243,ANANDRATHI,0,stable
INOXINDIA.NS,1896.1,9.44,1493.23,22.95,-12.99,55.81,10,"[7, 9, 8, 8, 10]","[27.79, 27.18, 26.55, 25.86, 22.95]","[66.92, 65.53, 64.06, 62.42, 55.81]",False,244,INOXINDIA,7,up
CHENNPETRO.NS,1180.5,9.73,1020.46,18.62,-13.36,57.38,10,"[5, 7, 10, 12, 10]","[23.21, 23.03, 18.44, 17.05, 18.62]","[70.95, 70.37, 56.7, 52.59, 57.38]",False,245,CHENNPETRO,-5,down
POWERINDIA.NS,31130.0,19.03,28400.84,20.83,-13.37,57.43,9,"[7, 7, 11, 9, 9]","[23.58, 24.66, 19.78, 21.35, 20.83]","[65.18, 68.1, 54.51, 58.83, 57.43]",False,246,POWERINDIA,2,up
SAILIFE.NS,1300.5,0.0,1067.55,26.28,-13.39,57.54,9,"[10, 12, 11, 9, 9]","[26.1, 24.56, 24.27, 26.42, 26.28]","[56.53, 53.4, 52.78, 57.85, 57.54]",False,247,SAILIFE,0,stable
RADICO.NS,4289.7,0.0,3360.8,27.83,-13.43,57.69,9,"[13, 13, 14, 13, 9]","[24.06, 25.64, 23.68, 24.59, 27.83]","[49.54, 52.8, 48.88, 50.78, 57.69]",False,248,RADICO,-10,down
DATAPATTNS.NS,4381.7,9.76,3657.47,18.53,-13.59,58.39,8,"[14, 5, 7, 7, 8]","[15.41, 23.6, 20.42, 20.93, 18.53]","[47.0, 73.97, 64.11, 65.69, 58.39]",False,249,DATAPATTNS,4,up
J&KBANK.NS,177.3,7.97,135.05,25.65,-14.43,62.0,8,"[6, 9, 8, 8, 8]","[28.24, 25.41, 24.97, 25.61, 25.65]","[67.62, 61.19, 60.26, 61.92, 62.0]",False,250,J&KBANK,0,stable
BHEL.NS,405.75,6.51,336.01,27.1,-14.54,62.48,7,"[7, 8, 7, 7, 7]","[27.86, 29.21, 29.35, 28.91, 27.1]","[64.07, 67.13, 67.48, 66.47, 62.48]",False,251,BHEL,3,up
GVT&D.NS,4124.0,25.47,4078.78,22.87,-14.87,63.89,7,"[3, 3, 6, 6, 7]","[30.91, 32.55, 25.03, 24.5, 22.87]","[85.99, 90.39, 69.9, 68.37, 63.89]",False,252,GVT&D,4,up
HONASA.NS,452.1,4.7,359.66,32.74,-14.95,64.25,7,"[11, 10, 9, 7, 7]","[26.86, 30.12, 29.24, 33.17, 32.74]","[53.2, 59.42, 57.79, 65.09, 64.25]",False,253,HONASA,-1,down
MCX.NS,2713.4,21.16,2608.44,27.36,-15.18,65.23,6,"[6, 6, 6, 6, 6]","[29.51, 29.8, 28.57, 28.29, 27.36]","[70.22, 70.89, 68.05, 67.38, 65.23]",False,254,MCX,1,up
SHRIRAMFIN.NS,1040.9,5.23,950.2,29.81,-15.42,66.23,6,"[8, 8, 9, 8, 6]","[27.54, 29.71, 26.43, 27.15, 29.81]","[61.4, 65.96, 58.86, 60.6, 66.23]",False,255,SHRIRAMFIN,-6,down
FEDERALBNK.NS,357.25,0.0,290.36,43.49,-16.05,68.98,6,"[6, 7, 7, 6, 6]","[43.21, 42.41, 42.76, 43.2, 43.49]","[68.5, 67.27, 67.82, 68.53, 68.98]",False,256,FEDERALBNK,1,up
AEGISLOG.NS,1270.4,9.37,864.15,24.61,-16.24,69.76,5,"[4, 3, 4, 5, 5]","[27.41, 29.56, 28.56, 25.53, 24.61]","[77.12, 83.3, 80.45, 72.3, 69.76]",False,257,AEGISLOG,1,up
IDEA.NS,12.95,13.72,11.82,24.59,-17.62,75.71,5,"[5, 5, 4, 4, 5]","[23.93, 24.44, 25.37, 24.22, 24.59]","[73.84, 75.39, 78.15, 74.6, 75.71]",False,258,IDEA,2,up
ADANIPOWER.NS,208.25,16.34,189.67,28.45,-18.1,77.76,4,"[3, 4, 3, 3, 4]","[30.87, 30.25, 29.65, 29.93, 28.45]","[84.06, 82.42, 80.9, 81.65, 77.76]",False,259,ADANIPOWER,5,up
GRANULES.NS,845.4,6.4,696.24,41.28,-18.13,77.91,4,"[5, 6, 5, 4, 4]","[39.59, 38.31, 39.88, 41.15, 41.28]","[74.82, 72.61, 75.25, 77.66, 77.91]",False,260,GRANULES,2,up
BHARATFORG.NS,2162.7,2.1,1807.18,42.75,-18.26,78.45,4,"[4, 4, 4, 3, 4]","[43.88, 43.81, 43.25, 43.07, 42.75]","[80.52, 80.39, 79.35, 79.0, 78.45]",False,261,BHARATFORG,2,up
RRKABEL.NS,2576.9,0.0,1809.58,33.14,-18.42,79.15,3,"[8, 8, 5, 5, 3]","[25.92, 27.87, 31.52, 30.62, 33.14]","[61.31, 66.19, 75.37, 73.12, 79.15]",False,262,RRKABEL,-3,down
WELCORP.NS,1643.1,2.43,1167.54,36.74,-19.48,83.68,3,"[4, 5, 5, 4, 3]","[33.48, 32.93, 32.96, 32.8, 36.74]","[76.32, 75.11, 75.09, 74.73, 83.68]",False,263,WELCORP,-2,down
SYRMA.NS,1306.0,10.05,1039.34,31.84,-19.85,85.3,3,"[2, 2, 3, 3, 3]","[35.11, 35.48, 30.53, 33.08, 31.84]","[92.78, 93.72, 81.77, 88.59, 85.3]",False,264,SYRMA,1,up
ADANIENSOL.NS,1649.5,5.29,1280.06,39.03,-21.94,94.28,2,"[2, 2, 2, 2, 2]","[41.38, 40.92, 39.96, 40.41, 39.03]","[99.42, 98.36, 96.29, 97.35, 94.28]",False,265,ADANIENSOL,1,up
LAURUSLABS.NS,1758.9,0.0,1231.54,58.63,-25.76,110.65,2,"[2, 3, 2, 2, 2]","[51.51, 49.75, 51.67, 57.71, 58.63]","[94.29, 91.13, 94.83, 108.7, 110.65]",False,266,LAURUSLABS,1,up
NETWEB.NS,4395.7,14.0,3868.75,33.04,-28.79,123.67,1,"[1, 2, 2, 1, 1]","[32.21, 32.75, 31.98, 32.93, 33.04]","[120.28, 122.32, 119.49, 123.25, 123.67]",False,267,NETWEB,1,up
KIRLOSENG.NS,2192.2,14.49,1676.67,45.7,-31.32,134.56,1,"[1, 1, 1, 1, 1]","[47.26, 47.82, 48.47, 51.37, 45.7]","[138.28, 139.84, 141.68, 150.78, 134.56]",False,268,KIRLOSENG,2,up
HFCL.NS,188.39,16.66,132.81,45.73,-32.13,138.06,1,"[1, 1, 1, 1, 1]","[55.12, 56.27, 48.27, 46.03, 45.73]","[164.23, 167.55, 145.43, 138.9, 138.06]",False,269,HFCL,0,stable
ATHERENERG.NS,1202.0,7.3,889.73,83.87,-61.35,263.58,0,"[0, 0, 0, 0, 0]","[84.95, 86.61, 82.26, 83.39, 83.87]","[266.75, 271.58, 258.66, 262.17, 263.58]",False,270,ATHERENERG,1,up
