symbol,symbol_clean,price,pullback_pct,ema_200,volar,relative_strength,performance,rs_percentile,rank,rs_h,vol_h,perf_h,rs_up,rs_bars,rank_status,rank_diff,rank_delta
MU,MU,861.0,29.04,609.68,179.52,5.3106,815.49,100,1,[100],[179.52],[815.49],False,[14.0],new,0,
STX,STX,800.99,26.73,596.91,205.61,4.9716,766.29,100,2,[100],[205.61],[766.29],False,[14.0],new,0,
PLTR,PLTR,175.23,15.42,142.04,118.4,3.1113,496.43,99,3,[99],[118.4],[496.43],False,[13.9],new,0,
GEV,GEV,990.85,15.66,875.24,137.75,2.8874,463.95,99,4,[99],[137.75],[463.95],False,[13.9],new,0,
DELL,DELL,457.88,2.01,262.99,101.13,2.4162,395.59,99,5,[99],[101.13],[395.59],False,[13.9],new,0,
TPR,TPR,164.78,0.0,134.09,136.62,2.1395,355.44,99,6,[99],[136.62],[355.44],False,[13.9],new,0,
WBD,WBD,26.87,10.37,24.9,93.87,1.7604,300.45,98,7,[98],[93.87],[300.45],False,[13.8],new,0,
LRCX,LRCX,306.4,29.29,255.08,80.2,1.6496,284.38,98,8,[98],[80.2],[284.38],False,[13.8],new,0,
CRWD,CRWD,225.16,0.0,144.34,92.59,1.5939,276.3,98,9,[98],[92.59],[276.3],False,[13.8],new,0,
AMD,AMD,469.56,19.17,352.72,61.41,1.3666,243.32,97,10,"[98, 98, 100, 100, 97]","[44.27, 40.03, 62.37, 61.41, 61.41]","[199.95, 180.37, 247.04, 243.32, 243.32]",False,"[13.8, 13.8, 14.0, 14.0, 13.6]",down,-9,-9.0
HPE,HPE,54.68,2.33,33.62,74.97,1.3035,234.17,97,11,[97],[74.97],[234.17],False,[13.6],new,0,
JBL,JBL,336.63,12.71,291.76,87.89,1.2828,231.17,97,12,[97],[87.89],[231.17],False,[13.6],new,0,
HWM,HWM,283.71,2.6,240.95,98.56,1.117,207.12,97,13,[97],[98.56],[207.12],False,[13.6],new,0,
UAL,UAL,123.76,9.07,107.04,61.21,1.1106,206.19,96,14,[96],[61.21],[206.19],False,[13.5],new,0,
TER,TER,365.1,24.54,304.41,48.88,1.0723,200.64,96,15,[96],[48.88],[200.64],False,[13.5],new,0,
AVGO,AVGO,422.4,12.15,362.93,56.59,0.996,189.56,96,16,[96],[56.59],[189.56],False,[13.5],new,0,
CSCO,CSCO,122.57,5.36,94.87,104.49,0.9751,186.53,95,17,[95],[104.49],[186.53],False,[13.4],new,0,
AMAT,AMAT,522.12,27.78,408.06,52.5,0.8954,174.96,95,18,"[98, 98, 97, 97, 95]","[52.56, 52.11, 53.44, 52.5, 52.5]","[198.28, 196.53, 177.99, 174.96, 174.96]",False,"[13.8, 13.8, 13.6, 13.6, 13.4]",down,-16,-16.0
KEYS,KEYS,335.41,10.16,284.13,68.57,0.8683,171.04,95,19,[95],[68.57],[171.04],False,[13.4],new,0,
APH,APH,167.7,4.89,140.19,67.29,0.8629,170.26,95,20,"[84, 84, 95, 95, 95]","[20.36, 20.38, 68.17, 67.29, 67.29]","[56.87, 56.92, 172.46, 170.26, 170.26]",False,"[12.1, 12.1, 13.4, 13.4, 13.4]",down,-17,-17.0
RL,RL,406.89,1.54,355.68,68.88,0.8092,162.46,94,21,[94],[68.88],[162.46],False,[13.3],new,0,
CAT,CAT,837.58,21.2,758.43,70.38,0.7611,155.48,94,22,[94],[70.38],[155.48],False,[13.3],new,0,
STT,STT,186.68,0.2,145.91,94.23,0.7581,155.04,94,23,[94],[94.23],[155.04],False,[13.3],new,0,
PWR,PWR,660.86,15.83,583.37,59.71,0.7555,154.68,94,24,[94],[59.71],[154.68],False,[13.3],new,0,
EXPE,EXPE,314.01,1.77,243.57,52.39,0.727,150.54,93,25,[93],[52.39],[150.54],False,[13.2],new,0,
NEM,NEM,117.26,10.75,98.76,53.87,0.7105,148.14,93,26,[93],[53.87],[148.14],False,[13.2],new,0,
C,C,135.22,6.7,119.28,74.28,0.6961,146.06,93,27,[93],[74.28],[146.06],False,[13.2],new,0,
CAH,CAH,237.18,1.06,205.6,84.79,0.6669,141.82,92,28,[92],[84.79],[141.82],False,[13.0],new,0,
NTRS,NTRS,187.86,1.71,155.34,81.69,0.6542,139.98,92,29,[92],[81.69],[139.98],False,[13.0],new,0,
MS,MS,215.33,5.27,186.04,71.73,0.6483,139.13,92,30,[92],[71.73],[139.13],False,[13.0],new,0,
STLD,STLD,268.6,4.79,207.57,59.25,0.641,138.06,92,31,[92],[59.25],[138.06],False,[13.0],new,0,
DAL,DAL,89.21,4.52,73.28,46.99,0.6105,133.64,91,32,[91],[46.99],[133.64],False,[12.9],new,0,
FTNT,FTNT,164.21,2.42,115.23,51.77,0.6088,133.39,91,33,[91],[51.77],[133.39],False,[12.9],new,0,
PANW,PANW,385.04,0.0,240.51,53.57,0.6032,132.58,91,34,[91],[53.57],[132.58],False,[12.9],new,0,
DDOG,DDOG,260.78,9.5,185.29,36.88,0.6027,132.51,90,35,[90],[36.88],[132.51],False,[12.8],new,0,
JCI,JCI,150.7,2.49,131.7,69.58,0.5978,131.79,90,36,[90],[69.58],[131.79],False,[12.8],new,0,
CMI,CMI,634.82,12.75,585.16,60.18,0.5611,126.47,90,37,[90],[60.18],[126.47],False,[12.8],new,0,
ANET,ANET,191.52,2.93,150.39,36.84,0.5608,126.43,90,38,"[69, 65, 92, 92, 90]","[11.43, 10.5, 36.84, 36.84, 36.84]","[38.58, 35.46, 126.44, 126.43, 126.43]",False,"[10.3, 9.8, 13.0, 13.0, 12.8]",down,-34,-34.0
GE,GE,366.7,3.81,315.43,59.9,0.5323,122.29,89,39,[89],[59.9],[122.29],False,[12.7],new,0,
GOOGL,GOOGL,357.52,11.15,322.52,60.73,0.5303,122.0,89,40,"[93, 93, 90, 90, 89]","[40.44, 39.36, 59.82, 60.73, 60.73]","[82.96, 80.8, 120.16, 122.0, 122.0]",False,"[13.2, 13.2, 12.8, 12.8, 12.7]",down,-35,-35.0
GS,GS,1034.51,10.2,923.11,59.39,0.5298,121.93,89,41,[89],[59.39],[121.93],False,[12.7],new,0,
VLO,VLO,314.95,0.0,230.34,51.11,0.5115,119.28,88,42,[88],[51.11],[119.28],False,[12.6],new,0,
GOOG,GOOG,355.84,10.77,321.48,59.77,0.5076,118.71,88,43,"[93, 92, 87, 87, 88]","[40.31, 39.33, 58.85, 59.77, 59.77]","[81.62, 79.68, 116.87, 118.71, 118.71]",False,"[13.2, 13.0, 12.4, 12.4, 12.6]",down,-37,-37.0
FFIV,FFIV,409.99,4.93,339.12,57.75,0.4938,116.71,88,44,[88],[57.75],[116.71],False,[12.6],new,0,
IVZ,IVZ,31.74,0.84,25.86,49.46,0.4877,115.82,88,45,[88],[49.46],[115.82],False,[12.6],new,0,
GM,GM,87.96,2.59,75.65,48.04,0.4383,108.65,87,46,[87],[48.04],[108.65],False,[12.4],new,0,
WELL,WELL,235.04,6.76,205.75,76.9,0.4306,107.53,87,47,[87],[76.9],[107.53],False,[12.4],new,0,
RCL,RCL,308.0,14.37,286.92,37.09,0.4189,105.85,87,48,[87],[37.09],[105.85],False,[12.4],new,0,
GL,GL,183.26,1.48,153.9,68.77,0.404,103.68,86,49,[86],[68.77],[103.68],False,[12.3],new,0,
TRGP,TRGP,266.21,6.35,233.17,49.82,0.3896,101.59,86,50,[86],[49.82],[101.59],False,[12.3],new,0,
LYV,LYV,184.64,1.05,161.93,53.22,0.3895,101.57,86,51,[86],[53.22],[101.57],False,[12.3],new,0,
NUE,NUE,274.61,0.05,203.38,43.74,0.3805,100.27,86,52,[86],[43.74],[100.27],False,[12.3],new,0,
NVDA,NVDA,217.55,7.61,192.98,34.87,0.3778,99.88,85,53,[85],[34.87],[99.88],False,[12.2],new,0,
RTX,RTX,224.12,0.0,185.22,61.29,0.3743,99.38,85,54,[85],[61.29],[99.38],False,[12.2],new,0,
MNST,MNST,45.72,8.52,41.1,63.2,0.3734,99.24,85,55,[85],[63.2],[99.24],False,[12.2],new,0,
EBAY,EBAY,107.71,9.21,99.33,45.26,0.371,98.89,84,56,[84],[45.26],[98.89],False,[12.1],new,0,
INCY,INCY,121.55,6.45,100.85,45.16,0.3709,98.87,84,57,[84],[45.16],[98.87],False,[12.1],new,0,
CFG,CFG,72.67,1.69,61.71,49.77,0.3578,96.97,84,58,[84],[49.77],[96.97],False,[12.1],new,0,
CCL,CCL,27.75,17.05,27.24,30.92,0.3312,93.12,84,59,[84],[30.92],[93.12],False,[12.1],new,0,
GILD,GILD,133.06,13.55,128.11,55.22,0.3309,93.08,83,60,[83],[55.22],[93.08],False,[12.0],new,0,
GRMN,GRMN,313.16,0.0,237.14,38.69,0.3222,91.81,83,61,[83],[38.69],[91.81],False,[12.0],new,0,
WAB,WAB,294.16,3.8,249.56,53.33,0.3175,91.14,83,62,[83],[53.33],[91.14],False,[12.0],new,0,
ETR,ETR,105.65,9.98,104.34,60.53,0.3128,90.45,82,63,[82],[60.53],[90.45],False,[11.8],new,0,
PH,PH,1060.5,1.25,898.72,49.45,0.3122,90.35,82,64,[82],[49.45],[90.35],False,[11.8],new,0,
MPC,MPC,320.32,0.0,235.7,40.79,0.3047,89.27,82,65,[82],[40.79],[89.27],False,[11.8],new,0,
BKR,BKR,64.07,7.39,56.48,40.99,0.3045,89.24,82,66,[82],[40.99],[89.24],False,[11.8],new,0,
ADI,ADI,383.92,13.82,343.25,36.23,0.2863,86.61,81,67,"[91, 91, 85, 85, 81]","[32.63, 34.22, 36.72, 36.23, 36.23]","[73.26, 77.11, 87.75, 86.61, 86.61]",False,"[12.9, 12.9, 12.2, 12.2, 11.7]",down,-60,-60.0
WSM,WSM,250.82,0.38,202.27,31.12,0.2827,86.09,81,68,[81],[31.12],[86.09],False,[11.7],new,0,
TRV,TRV,375.62,5.44,308.02,58.75,0.2754,85.02,81,69,[81],[58.75],[85.02],False,[11.7],new,0,
CVS,CVS,95.67,12.96,86.23,39.08,0.275,84.97,81,70,[81],[39.08],[84.97],False,[11.7],new,0,
ROST,ROST,254.83,0.16,207.47,51.74,0.2739,84.8,80,71,[80],[51.74],[84.8],False,[11.6],new,0,
LUV,LUV,44.9,17.35,41.94,31.43,0.2713,84.43,80,72,[80],[31.43],[84.43],False,[11.6],new,0,
JPM,JPM,359.79,0.0,311.3,51.79,0.2534,81.83,80,73,[80],[51.79],[81.83],False,[11.6],new,0,
DE,DE,609.28,7.52,558.15,43.15,0.2499,81.33,79,74,[79],[43.15],[81.33],False,[11.5],new,0,
SCHW,SCHW,107.99,0.03,94.73,48.4,0.2326,78.81,79,75,[79],[48.4],[78.81],False,[11.5],new,0,
WMB,WMB,71.85,8.84,68.83,49.12,0.2237,77.53,79,76,[79],[49.12],[77.53],False,[11.5],new,0,
SYF,SYF,78.19,10.52,72.32,32.5,0.2222,77.31,79,77,[79],[32.5],[77.31],False,[11.5],new,0,
ROK,ROK,435.22,12.09,413.8,37.08,0.2186,76.79,78,78,[78],[37.08],[76.79],False,[11.4],new,0,
WFC,WFC,87.52,7.71,82.02,40.27,0.2105,75.6,78,79,[78],[40.27],[75.6],False,[11.4],new,0,
BAC,BAC,63.86,0.0,53.65,47.89,0.2073,75.14,78,80,[78],[47.89],[75.14],False,[11.4],new,0,
BEN,BEN,33.52,6.29,28.13,37.65,0.2027,74.48,77,81,[77],[37.65],[74.48],False,[11.2],new,0,
FCX,FCX,70.51,1.45,58.22,24.64,0.1995,74.01,77,82,[77],[24.64],[74.01],False,[11.2],new,0,
JNJ,JNJ,261.81,2.03,226.46,61.96,0.1947,73.31,77,83,[77],[61.96],[73.31],False,[11.2],new,0,
PM,PM,186.0,7.08,171.83,41.88,0.1893,72.54,77,84,[77],[41.88],[72.54],False,[11.2],new,0,
TTWO,TTWO,253.57,3.32,228.3,36.9,0.1867,72.16,76,85,[76],[36.9],[72.16],False,[11.1],new,0,
ULTA,ULTA,548.66,22.38,523.3,30.2,0.1799,71.16,76,86,[76],[30.2],[71.16],False,[11.1],new,0,
VRSN,VRSN,293.34,5.37,264.07,42.03,0.174,70.31,76,87,[76],[42.03],[70.31],False,[11.1],new,0,
MPWR,MPWR,1381.1,18.15,1242.14,18.97,0.1732,70.19,75,88,[75],[18.97],[70.19],False,[11.0],new,0,
PSX,PSX,215.52,0.0,166.2,33.23,0.1719,70.01,75,89,[75],[33.23],[70.01],False,[11.0],new,0,
COF,COF,218.97,14.42,201.46,30.6,0.1702,69.76,75,90,[75],[30.6],[69.76],False,[11.0],new,0,
TDY,TDY,690.25,0.15,609.45,44.86,0.1674,69.35,75,91,[75],[44.86],[69.35],False,[11.0],new,0,
DASH,DASH,209.86,25.51,187.8,25.63,0.1662,69.19,74,92,[74],[25.63],[69.19],False,[10.9],new,0,
USB,USB,64.19,0.43,55.0,41.89,0.1598,68.26,74,93,[74],[41.89],[68.26],False,[10.9],new,0,
URI,URI,1137.52,2.18,940.36,26.94,0.1593,68.18,74,94,[74],[26.94],[68.18],False,[10.9],new,0,
NTAP,NTAP,198.72,0.0,131.96,26.59,0.1567,67.8,73,95,[73],[26.59],[67.8],False,[10.8],new,0,
RJF,RJF,179.09,0.81,157.98,39.4,0.1521,67.14,73,96,[73],[39.4],[67.14],False,[10.8],new,0,
FOXA,FOXA,63.42,16.26,60.14,33.95,0.1496,66.78,73,97,[73],[33.95],[66.78],False,[10.8],new,0,
JBHT,JBHT,266.14,10.66,233.57,29.19,0.1492,66.71,72,98,[72],[29.19],[66.71],False,[10.6],new,0,
AMZN,AMZN,278.09,2.09,238.23,30.97,0.1492,66.72,72,99,"[49, 49, 79, 82, 72]","[10.38, 10.63, 30.63, 30.97, 30.97]","[22.47, 23.01, 65.99, 66.72, 66.72]",False,"[7.9, 7.9, 11.5, 11.8, 10.6]",down,-91,-91.0
MTB,MTB,251.13,1.15,217.0,40.67,0.1462,66.29,72,100,[72],[40.67],[66.29],False,[10.6],new,0,
AIZ,AIZ,287.22,4.76,242.52,41.53,0.1432,65.84,72,101,"[74, 75, 82, 79, 72]","[30.33, 32.34, 41.68, 41.53, 41.53]","[43.26, 45.65, 66.07, 65.84, 65.84]",False,"[10.9, 11.0, 11.8, 11.5, 10.6]",down,-92,-92.0
FAST,FAST,52.15,0.0,44.75,40.98,0.1416,65.62,71,102,[71],[40.98],[65.62],False,[10.5],new,0,
MAR,MAR,348.44,13.44,340.35,37.24,0.1399,65.37,71,103,[71],[37.24],[65.37],False,[10.5],new,0,
VTR,VTR,91.95,8.53,82.89,46.76,0.1351,64.67,71,104,[71],[46.76],[64.67],False,[10.5],new,0,
RF,RF,31.46,2.9,27.75,37.19,0.1339,64.5,71,105,[71],[37.19],[64.5],False,[10.5],new,0,
PFG,PFG,113.81,1.39,97.36,40.09,0.1337,64.46,70,106,[70],[40.09],[64.46],False,[10.4],new,0,
DGX,DGX,237.63,0.36,196.83,43.87,0.1296,63.87,70,107,[70],[43.87],[63.87],False,[10.4],new,0,
ALL,ALL,269.67,1.98,220.42,39.65,0.128,63.64,70,108,"[64, 62, 77, 77, 70]","[22.27, 21.26, 39.98, 39.65, 39.65]","[34.27, 32.87, 64.18, 63.64, 63.64]",False,"[9.7, 9.4, 11.2, 11.2, 10.4]",down,-98,-98.0
DRI,DRI,217.97,0.0,197.35,35.44,0.125,63.21,69,109,[69],[35.44],[63.21],False,[10.3],new,0,
KMI,KMI,31.39,7.66,30.32,43.25,0.1238,63.03,69,110,[69],[43.25],[63.03],False,[10.3],new,0,
ABNB,ABNB,184.7,0.0,136.58,26.77,0.1206,62.56,69,111,"[39, 78, 74, 74, 69]","[8.47, 22.58, 26.43, 26.77, 26.77]","[16.2, 48.35, 61.71, 62.56, 62.56]",False,"[6.7, 11.4, 10.9, 10.9, 10.3]",down,-100,-100.0
AXON,AXON,596.33,29.22,520.67,16.8,0.1169,62.03,69,112,[69],[16.8],[62.03],False,[10.3],new,0,
SNA,SNA,411.11,1.96,371.6,41.67,0.1155,61.83,68,113,[68],[41.67],[61.83],False,[10.2],new,0,
HAS,HAS,94.49,9.46,85.33,29.55,0.1142,61.64,68,114,[68],[29.55],[61.64],False,[10.2],new,0,
HST,HST,22.67,11.24,20.3,35.68,0.1133,61.51,68,115,[68],[35.68],[61.51],False,[10.2],new,0,
PNC,PNC,251.76,1.41,219.54,40.42,0.1121,61.33,68,116,[68],[40.42],[61.33],False,[10.2],new,0,
MCK,MCK,879.87,11.53,807.96,33.88,0.1102,61.06,67,117,[67],[33.88],[61.06],False,[10.0],new,0,
AME,AME,252.88,0.74,221.42,41.23,0.0984,59.35,67,118,"[67, 70, 72, 72, 67]","[25.14, 27.75, 41.45, 41.23, 41.23]","[36.39, 40.07, 59.66, 59.35, 59.35]",False,"[10.0, 10.4, 10.6, 10.6, 10.0]",down,-106,-106.0
EMR,EMR,158.71,2.31,139.17,30.21,0.098,59.29,67,119,[67],[30.21],[59.29],False,[10.0],new,0,
FOX,FOX,56.33,16.42,54.17,30.65,0.0957,58.96,66,120,[66],[30.65],[58.96],False,[9.9],new,0,
SPG,SPG,220.55,6.82,198.78,40.6,0.0929,58.55,66,121,[66],[40.6],[58.55],False,[9.9],new,0,
F,F,14.0,19.72,13.1,26.39,0.0907,58.22,66,122,[66],[26.39],[58.22],False,[9.9],new,0,
ETN,ETN,444.96,0.83,381.86,24.87,0.0892,58.01,66,123,[66],[24.87],[58.01],False,[9.9],new,0,
FITB,FITB,57.13,3.77,49.83,33.45,0.0844,57.31,65,124,[65],[33.45],[57.31],False,[9.8],new,0,
BKNG,BKNG,212.88,6.19,184.04,28.38,0.0841,57.27,65,125,[65],[28.38],[57.27],False,[9.8],new,0,
CF,CF,121.48,11.35,107.48,24.21,0.0837,57.22,65,126,[65],[24.21],[57.22],False,[9.8],new,0,
KEY,KEY,22.68,5.46,20.85,29.63,0.0728,55.64,64,127,[64],[29.63],[55.64],False,[9.7],new,0,
TXN,TXN,280.44,15.17,244.21,20.79,0.0636,54.3,64,128,[64],[20.79],[54.3],False,[9.7],new,0,
CSX,CSX,50.12,5.84,42.87,35.34,0.0617,54.02,64,129,[64],[35.34],[54.02],False,[9.7],new,0,
EXPD,EXPD,179.0,2.08,152.44,29.97,0.0603,53.82,64,130,[64],[29.97],[53.82],False,[9.7],new,0,
MMM,MMM,182.04,0.47,157.31,30.61,0.0577,53.44,63,131,"[48, 49, 69, 69, 63]","[13.1, 13.52, 30.59, 30.61, 30.61]","[22.06, 22.79, 53.41, 53.44, 53.44]",False,"[7.8, 7.9, 10.3, 10.3, 9.6]",down,-118,-118.0
VTRS,VTRS,16.28,8.85,14.39,24.36,0.0558,53.16,63,132,[63],[24.36],[53.16],False,[9.6],new,0,
APA,APA,41.02,6.32,32.03,16.84,0.0543,52.95,63,133,"[96, 94, 67, 67, 63]","[37.55, 34.79, 16.74, 16.84, 16.84]","[109.32, 100.12, 52.61, 52.95, 52.95]",False,"[13.5, 13.3, 10.0, 10.0, 9.6]",down,-119,-119.0
TEL,TEL,214.28,13.35,208.62,26.12,0.0494,52.24,62,134,[62],[26.12],[52.24],False,[9.4],new,0,
PCAR,PCAR,131.24,5.04,116.57,29.24,0.0481,52.05,62,135,[62],[29.24],[52.05],False,[9.4],new,0,
HLT,HLT,311.0,11.2,308.87,33.86,0.0475,51.96,62,136,[62],[33.86],[51.96],False,[9.4],new,0,
EVRG,EVRG,82.09,6.85,79.51,50.43,0.0444,51.51,62,137,[62],[50.43],[51.51],False,[9.4],new,0,
BMY,BMY,64.84,1.59,55.73,28.58,0.0422,51.19,61,138,[61],[28.58],[51.19],False,[9.3],new,0,
FDX,FDX,325.08,3.68,282.66,25.12,0.0379,50.57,61,139,[61],[25.12],[50.57],False,[9.3],new,0,
DD,DD,141.55,7.7,131.35,24.58,0.0313,49.61,61,140,[61],[24.58],[49.61],False,[9.3],new,0,
EA,EA,209.7,0.0,196.62,31.77,0.0287,49.24,60,141,[60],[31.77],[49.24],False,[9.2],new,0,
L,L,113.8,4.69,107.23,41.39,0.0252,48.72,60,142,[60],[41.39],[48.72],False,[9.2],new,0,
ADM,ADM,80.49,7.82,71.26,28.13,0.025,48.7,60,143,"[71, 66, 62, 64, 60]","[24.47, 21.87, 27.59, 28.13, 28.13]","[40.93, 36.54, 47.66, 48.7, 48.7]",False,"[10.5, 9.9, 9.4, 9.7, 9.2]",down,-128,-128.0
SOLV,SOLV,85.21,3.77,75.59,24.69,0.0178,47.65,60,144,[60],[24.69],[47.65],False,[9.2],new,0,
LH,LH,321.31,0.0,270.4,32.34,0.0142,47.12,59,145,[59],[32.34],[47.12],False,[9.1],new,0,
MET,MET,97.03,2.92,81.55,28.17,0.0132,46.98,59,146,[59],[28.17],[46.98],False,[9.1],new,0,
NSC,NSC,333.95,4.39,302.46,30.76,0.0094,46.43,59,147,[59],[30.76],[46.43],False,[9.1],new,0,
CVX,CVX,194.91,6.85,175.93,30.51,0.0091,46.39,58,148,[58],[30.51],[46.39],False,[9.0],new,0,
TJX,TJX,158.82,5.69,152.17,38.11,0.0077,46.18,58,149,[58],[38.11],[46.18],False,[9.0],new,0,
AXP,AXP,338.86,11.24,328.93,24.78,0.0067,46.05,58,150,"[41, 41, 59, 62, 58]","[10.1, 9.95, 24.48, 24.78, 24.78]","[17.16, 16.91, 45.5, 46.05, 46.05]",False,"[6.9, 6.9, 9.1, 9.4, 9.0]",down,-134,-134.0
TT,TT,476.99,5.26,446.98,25.54,0.004,45.65,58,151,[58],[25.54],[45.65],False,[9.0],new,0,
NDAQ,NDAQ,95.62,4.67,88.25,27.79,-0.0056,44.26,57,152,[57],[27.79],[44.26],False,[8.8],new,0,
CPAY,CPAY,400.88,0.0,335.53,19.36,-0.0069,44.07,57,153,[57],[19.36],[44.07],False,[8.8],new,0,
CINF,CINF,173.86,9.46,165.08,29.58,-0.0111,43.46,57,154,[57],[29.58],[43.46],False,[8.8],new,0,
XOM,XOM,159.79,6.18,140.0,27.7,-0.0116,43.39,56,155,[56],[27.7],[43.39],False,[8.7],new,0,
SBUX,SBUX,104.65,3.43,97.1,19.46,-0.0148,42.92,56,156,[56],[19.46],[42.92],False,[8.7],new,0,
AAPL,AAPL,308.26,9.36,280.74,23.58,-0.0158,42.77,56,157,"[77, 73, 56, 59, 56]","[29.35, 26.98, 23.04, 23.58, 23.58]","[47.08, 42.97, 41.83, 42.77, 42.77]",False,"[11.2, 10.8, 8.7, 9.1, 8.7]",down,-140,-140.0
CRL,CRL,277.0,0.0,191.56,13.44,-0.0173,42.56,56,158,[56],[13.44],[42.56],False,[8.7],new,0,
CBOE,CBOE,285.02,22.11,278.26,24.12,-0.0192,42.28,55,159,[55],[24.12],[42.28],False,[8.6],new,0,
HBAN,HBAN,17.6,6.9,16.63,22.81,-0.0207,42.07,55,160,[55],[22.81],[42.07],False,[8.6],new,0,
BA,BA,232.79,7.68,218.32,18.39,-0.0223,41.83,55,161,[55],[18.39],[41.83],False,[8.6],new,0,
AMP,AMP,557.53,0.62,483.07,23.79,-0.0256,41.36,55,162,"[31, 32, 54, 56, 55]","[7.18, 7.59, 23.92, 23.79, 23.79]","[11.57, 12.21, 41.6, 41.36, 41.36]",False,"[5.7, 5.8, 8.5, 8.7, 8.6]",down,-144,-144.0
GD,GD,395.97,0.0,345.76,29.32,-0.0261,41.28,54,163,[54],[29.32],[41.28],False,[8.5],new,0,
LLY,LLY,1231.94,0.29,1028.36,17.3,-0.0264,41.25,54,164,[54],[17.3],[41.25],False,[8.5],new,0,
PAYC,PAYC,213.45,7.88,152.16,14.89,-0.0268,41.18,54,165,[54],[14.89],[41.18],False,[8.5],new,0,
AEE,AEE,107.0,9.57,106.63,37.04,-0.0269,41.17,53,166,"[29, 28, 51, 54, 53]","[8.9, 8.74, 37.19, 37.04, 37.04]","[9.58, 9.4, 41.32, 41.17, 41.17]",False,"[5.5, 5.4, 8.1, 8.5, 8.4]",down,-147,-147.0
V,V,361.32,2.47,333.71,29.14,-0.029,40.86,53,167,[53],[29.14],[40.86],False,[8.4],new,0,
BLK,BLK,1131.4,4.4,1041.31,24.18,-0.0294,40.8,53,168,[53],[24.18],[40.8],False,[8.4],new,0,
EXE,EXE,97.56,19.7,97.52,21.14,-0.0301,40.7,53,169,[53],[21.14],[40.7],False,[8.4],new,0,
EW,EW,92.03,3.31,83.71,25.5,-0.0321,40.42,52,170,[52],[25.5],[40.42],False,[8.2],new,0,
ABBV,ABBV,247.97,5.82,222.3,23.12,-0.0402,39.24,52,171,"[56, 56, 49, 51, 52]","[17.08, 16.77, 22.29, 23.12, 23.12]","[28.09, 27.56, 37.81, 39.24, 39.24]",False,"[8.7, 8.7, 7.9, 8.1, 8.2]",down,-151,-151.0
HUBB,HUBB,504.9,9.22,477.78,19.34,-0.0441,38.67,52,172,[52],[19.34],[38.67],False,[8.2],new,0,
AMGN,AMGN,417.2,0.0,343.04,22.65,-0.0444,38.63,51,173,"[77, 78, 46, 49, 51]","[27.03, 28.27, 22.09, 22.65, 22.65]","[46.49, 48.68, 37.67, 38.63, 38.63]",False,"[11.2, 11.4, 7.5, 7.9, 8.1]",down,-152,-152.0
COR,COR,325.0,12.93,307.21,23.28,-0.0445,38.61,51,174,[51],[23.28],[38.61],False,[8.1],new,0,
PKG,PKG,254.75,0.5,220.3,22.47,-0.0462,38.37,51,175,[51],[22.47],[38.37],False,[8.1],new,0,
DLTR,DLTR,129.37,8.38,112.04,13.11,-0.0503,37.77,51,176,[51],[13.11],[37.77],False,[8.1],new,0,
GWW,GWW,1297.45,7.28,1184.88,24.9,-0.0523,37.48,50,177,[50],[24.9],[37.48],False,[8.0],new,0,
HIG,HIG,141.15,3.11,133.71,27.55,-0.06,36.37,50,178,[50],[27.55],[36.37],False,[8.0],new,0,
TFC,TFC,51.86,5.15,48.29,20.88,-0.0604,36.3,50,179,[50],[20.88],[36.3],False,[8.0],new,0,
DLR,DLR,191.3,5.56,178.46,21.11,-0.0606,36.28,49,180,[49],[21.11],[36.28],False,[7.9],new,0,
NDSN,NDSN,308.69,0.64,271.71,22.58,-0.0617,36.12,49,181,[49],[22.58],[36.12],False,[7.9],new,0,
KO,KO,86.87,2.48,77.09,31.01,-0.0703,34.87,49,182,[49],[31.01],[34.87],False,[7.9],new,0,
D,D,67.15,6.33,63.52,25.0,-0.0741,34.32,49,183,[49],[25.0],[34.32],False,[7.9],new,0,
CBRE,CBRE,143.94,16.12,143.38,17.17,-0.0802,33.44,48,184,[48],[17.17],[33.44],False,[7.8],new,0,
EQIX,EQIX,1043.38,6.5,966.11,20.46,-0.0834,32.97,48,185,[48],[20.46],[32.97],False,[7.8],new,0,
CB,CB,348.3,4.18,322.02,25.93,-0.0869,32.46,48,186,[48],[25.93],[32.46],False,[7.8],new,0,
VZ,VZ,47.03,5.51,44.05,21.94,-0.0881,32.29,47,187,[47],[21.94],[32.29],False,[7.6],new,0,
APO,APO,132.02,12.82,126.36,12.83,-0.0905,31.94,47,188,"[5, 7, 41, 46, 47]","[-4.79, -3.65, 12.28, 12.83, 12.83]","[-10.85, -8.24, 30.55, 31.94, 31.94]",True,"[2.6, 2.8, 6.9, 7.5, 7.6]",down,-166,-166.0
ALLE,ALLE,165.53,7.19,147.24,19.16,-0.0937,31.48,47,189,"[19, 20, 44, 44, 47]","[1.96, 2.32, 19.27, 19.16, 19.16]","[3.37, 3.99, 31.65, 31.48, 31.48]",False,"[4.3, 4.4, 7.3, 7.3, 7.6]",down,-166,-166.0
HII,HII,330.81,26.78,322.43,11.75,-0.0983,30.81,47,190,[47],[11.75],[30.81],False,[7.6],new,0,
ITW,ITW,294.52,0.94,262.87,22.49,-0.0992,30.69,46,191,[46],[22.49],[30.69],False,[7.5],new,0,
WRB,WRB,70.82,7.35,68.79,21.58,-0.1004,30.51,46,192,[46],[21.58],[30.51],False,[7.5],new,0,
HON,HON,242.93,6.1,228.68,18.87,-0.1018,30.29,46,193,[46],[18.87],[30.29],False,[7.5],new,0,
SW,SW,47.59,7.15,42.49,11.47,-0.1028,30.16,45,194,[45],[11.47],[30.16],False,[7.4],new,0,
HSIC,HSIC,88.08,1.69,77.78,17.34,-0.1057,29.74,45,195,[45],[17.34],[29.74],False,[7.4],new,0,
XYZ,XYZ,78.98,6.69,70.77,9.13,-0.1088,29.28,45,196,[45],[9.13],[29.28],False,[7.4],new,0,
UNP,UNP,292.24,4.91,257.82,20.05,-0.1099,29.12,45,197,[45],[20.05],[29.12],False,[7.4],new,0,
SLB,SLB,53.2,8.29,47.36,12.36,-0.1173,28.05,44,198,[44],[12.36],[28.05],False,[7.3],new,0,
DVA,DVA,183.69,23.77,175.15,11.23,-0.1184,27.89,44,199,[44],[11.23],[27.89],False,[7.3],new,0,
WTW,WTW,343.01,1.02,293.89,16.97,-0.1221,27.36,44,200,[44],[16.97],[27.36],False,[7.3],new,0,
MSFT,MSFT,506.06,6.05,425.48,14.53,-0.129,26.35,44,201,[44],[14.53],[26.35],False,[7.3],new,0,
J,J,147.33,9.67,131.08,14.53,-0.1293,26.31,43,202,[43],[14.53],[26.31],False,[7.2],new,0,
AFL,AFL,121.94,5.87,114.29,20.74,-0.1341,25.61,43,203,"[54, 51, 38, 41, 43]","[25.27, 23.23, 21.22, 20.74, 20.74]","[26.44, 24.43, 26.18, 25.61, 25.61]",False,"[8.5, 8.1, 6.6, 6.9, 7.2]",down,-179,-179.0
IEX,IEX,233.27,1.94,204.04,15.36,-0.1349,25.5,43,204,[43],[15.36],[25.5],False,[7.2],new,0,
PNW,PNW,99.23,8.45,97.45,23.23,-0.1373,25.16,42,205,[42],[23.23],[25.16],False,[7.0],new,0,
MA,MA,563.17,5.39,526.33,18.04,-0.1379,25.07,42,206,[42],[18.04],[25.07],False,[7.0],new,0,
PRU,PRU,122.11,1.47,105.87,15.34,-0.1426,24.39,42,207,[42],[15.34],[24.39],False,[7.0],new,0,
IDXX,IDXX,595.76,22.29,584.85,10.18,-0.1443,24.13,42,208,[42],[10.18],[24.13],False,[7.0],new,0,
PLD,PLD,138.76,7.53,134.14,14.47,-0.1482,23.57,41,209,[41],[14.47],[23.57],False,[6.9],new,0,
GEN,GEN,29.29,7.15,24.74,11.84,-0.1487,23.5,41,210,[41],[11.84],[23.5],False,[6.9],new,0,
WAT,WAT,411.77,0.19,352.86,9.76,-0.1487,23.5,41,211,[41],[9.76],[23.5],False,[6.9],new,0,
BG,BG,112.65,14.28,110.5,12.28,-0.1489,23.46,40,212,[40],[12.28],[23.46],False,[6.8],new,0,
ORLY,ORLY,92.23,14.46,91.75,16.1,-0.1493,23.4,40,213,[40],[16.1],[23.4],False,[6.8],new,0,
MRK,MRK,130.92,0.68,112.66,13.53,-0.1504,23.25,40,214,[40],[13.53],[23.25],False,[6.8],new,0,
DOV,DOV,210.1,9.52,206.8,13.8,-0.1516,23.07,40,215,[40],[13.8],[23.07],False,[6.8],new,0,
DXCM,DXCM,87.65,0.0,71.01,8.69,-0.1523,22.98,39,216,[39],[8.69],[22.98],False,[6.7],new,0,
DIS,DIS,103.18,11.93,102.46,13.02,-0.1532,22.85,39,217,[39],[13.02],[22.85],False,[6.7],new,0,
ECL,ECL,284.4,7.27,268.99,17.31,-0.1565,22.36,39,218,[39],[17.31],[22.36],False,[6.7],new,0,
WST,WST,352.13,3.66,297.33,7.34,-0.1594,21.94,38,219,[38],[7.34],[21.94],False,[6.6],new,0,
TGT,TGT,152.02,0.0,120.67,9.54,-0.1612,21.69,38,220,[38],[9.54],[21.69],False,[6.6],new,0,
KIM,KIM,24.11,8.6,23.11,16.1,-0.164,21.28,38,221,[38],[16.1],[21.28],False,[6.6],new,0,
FTV,FTV,61.75,3.65,57.83,12.56,-0.1662,20.96,38,222,[38],[12.56],[20.96],False,[6.6],new,0,
ES,ES,71.17,5.6,69.09,13.23,-0.1707,20.3,37,223,[37],[13.23],[20.3],False,[6.4],new,0,
TROW,TROW,113.77,6.5,103.22,11.87,-0.1712,20.23,37,224,[37],[11.87],[20.23],False,[6.4],new,0,
FE,FE,46.76,8.09,46.13,17.51,-0.1718,20.15,37,225,[37],[17.51],[20.15],False,[6.4],new,0,
SWK,SWK,102.64,1.2,80.3,7.81,-0.1721,20.1,36,226,[36],[7.81],[20.1],False,[6.3],new,0,
IRM,IRM,121.56,8.64,111.76,9.25,-0.1789,19.12,36,227,[36],[9.25],[19.12],False,[6.3],new,0,
APD,APD,308.18,1.91,282.64,11.22,-0.184,18.37,36,228,"[24, 27, 33, 38, 36]","[3.88, 4.73, 10.64, 11.22, 11.22]","[6.53, 7.96, 17.41, 18.37, 18.37]",False,"[4.9, 5.2, 6.0, 6.6, 6.3]",down,-203,-203.0
COP,COP,123.03,7.37,109.74,9.05,-0.1847,18.27,36,229,[36],[9.05],[18.27],False,[6.3],new,0,
AKAM,AKAM,117.65,26.99,110.17,5.76,-0.1856,18.15,35,230,"[36, 36, 35]","[5.84, 5.76, 5.76]","[18.41, 18.15, 18.15]",False,"[6.3, 6.3, 6.2]",down,-204,-204.0
ZBRA,ZBRA,378.08,0.0,261.03,6.22,-0.1864,18.02,35,231,[35],[6.22],[18.02],False,[6.2],new,0,
EOG,EOG,142.22,4.35,128.03,9.84,-0.1869,17.95,35,232,[35],[9.84],[17.95],False,[6.2],new,0,
REG,REG,76.11,7.95,75.6,15.97,-0.187,17.95,34,233,[34],[15.97],[17.95],False,[6.1],new,0,
SYY,SYY,83.87,6.69,78.35,11.7,-0.188,17.8,34,234,[34],[11.7],[17.8],False,[6.1],new,0,
MDT,MDT,89.41,13.03,85.59,12.4,-0.1902,17.48,34,235,[34],[12.4],[17.48],False,[6.1],new,0,
NWS,NWS,32.5,6.96,30.09,10.89,-0.1918,17.25,34,236,[34],[10.89],[17.25],False,[6.1],new,0,
BX,BX,141.66,21.87,128.45,7.28,-0.1927,17.11,33,237,[33],[7.28],[17.11],False,[6.0],new,0,
OKE,OKE,90.34,4.01,83.37,9.25,-0.1929,17.09,33,238,[33],[9.25],[17.09],False,[6.0],new,0,
MGM,MGM,43.36,14.46,40.27,6.36,-0.1983,16.31,33,239,[33],[6.36],[16.31],False,[6.0],new,0,
WM,WM,226.6,7.31,224.14,12.3,-0.2075,14.97,32,240,[32],[12.3],[14.97],False,[5.8],new,0,
O,O,61.89,6.39,60.51,13.13,-0.2113,14.42,32,241,[32],[13.13],[14.42],False,[5.8],new,0,
MSI,MSI,461.98,4.71,422.16,9.4,-0.2121,14.31,32,242,[32],[9.4],[14.31],False,[5.8],new,0,
FRT,FRT,117.13,7.87,110.67,11.02,-0.213,14.18,32,243,[32],[11.02],[14.18],False,[5.8],new,0,
LMT,LMT,603.16,10.28,537.63,8.31,-0.2131,14.16,31,244,[31],[8.31],[14.16],False,[5.7],new,0,
HUM,HUM,385.7,5.79,292.26,4.67,-0.2153,13.84,31,245,[31],[4.67],[13.84],False,[5.7],new,0,
AIG,AIG,77.61,9.24,77.01,8.88,-0.2188,13.33,31,246,"[20, 22, 31, 33, 31]","[2.32, 3.47, 8.81, 8.88, 8.88]","[3.57, 5.3, 13.21, 13.33, 13.33]",False,"[4.4, 4.6, 5.7, 6.0, 5.7]",down,-219,-219.0
MTCH,MTCH,36.73,10.94,34.7,5.89,-0.2191,13.28,31,247,[31],[5.89],[13.28],False,[5.7],new,0,
LIN,LIN,492.46,9.91,486.53,11.14,-0.2203,13.11,30,248,[30],[11.14],[13.11],False,[5.6],new,0,
ODFL,ODFL,212.55,14.55,199.09,5.21,-0.2218,12.89,30,249,[30],[5.21],[12.89],False,[5.6],new,0,
VRTX,VRTX,523.91,1.07,457.81,6.28,-0.2225,12.79,30,250,[30],[6.28],[12.79],False,[5.6],new,0,
UBER,UBER,78.03,22.05,76.48,5.26,-0.2234,12.66,29,251,[29],[5.26],[12.66],False,[5.5],new,0,
HAL,HAL,33.64,21.4,33.54,5.21,-0.2236,12.64,29,252,[29],[5.21],[12.64],False,[5.5],new,0,
MCHP,MCHP,81.39,20.76,78.02,3.62,-0.2249,12.45,29,253,[29],[3.62],[12.45],False,[5.5],new,0,
BBY,BBY,82.43,8.58,71.35,4.8,-0.2259,12.29,29,254,[29],[4.8],[12.29],False,[5.5],new,0,
PSA,PSA,325.71,1.44,298.89,8.29,-0.2275,12.07,28,255,[28],[8.29],[12.07],False,[5.4],new,0,
BXP,BXP,67.9,10.14,63.44,6.15,-0.2317,11.45,28,256,[28],[6.15],[11.45],False,[5.4],new,0,
A,A,148.72,4.83,128.43,5.72,-0.2321,11.41,28,257,"[53, 58, 28, 31, 28]","[12.49, 14.01, 5.49, 5.72, 5.72]","[25.83, 29.09, 10.93, 11.41, 11.41]",False,"[8.4, 9.0, 5.4, 5.7, 5.4]",down,-229,-229.0
ADP,ADP,273.67,8.98,239.42,7.37,-0.2362,10.8,27,258,"[9, 8, 26, 28, 27]","[-4.03, -4.8, 7.07, 7.37, 7.37]","[-6.81, -8.12, 10.36, 10.8, 10.8]",False,"[3.1, 3.0, 5.1, 5.4, 5.2]",down,-229,-229.0
AON,AON,356.97,6.16,339.73,6.77,-0.2421,9.94,27,259,"[14, 14, 23, 26, 27]","[-0.2, -0.86, 6.66, 6.77, 6.77]","[-0.32, -1.36, 9.79, 9.94, 9.94]",False,"[3.7, 3.7, 4.8, 5.1, 5.2]",down,-229,-229.0
DOC,DOC,20.9,8.41,18.73,5.65,-0.2455,9.46,27,260,[27],[5.65],[9.46],False,[5.2],new,0,
FSLR,FSLR,239.33,24.8,225.57,2.46,-0.2475,9.17,27,261,[27],[2.46],[9.17],False,[5.2],new,0,
DG,DG,122.42,20.87,118.37,3.38,-0.2483,9.05,26,262,[26],[3.38],[9.05],False,[5.1],new,0,
SJM,SJM,118.07,6.55,106.12,4.9,-0.249,8.94,26,263,[26],[4.9],[8.94],False,[5.1],new,0,
PFE,PFE,27.05,2.01,24.85,5.9,-0.2494,8.89,26,264,[26],[5.9],[8.89],False,[5.1],new,0,
CTAS,CTAS,202.71,9.56,187.59,5.64,-0.2516,8.57,25,265,[25],[5.64],[8.57],False,[5.0],new,0,
SYK,SYK,345.81,11.41,337.0,5.42,-0.2528,8.39,25,266,[25],[5.42],[8.39],False,[5.0],new,0,
PHM,PHM,130.05,8.39,123.72,3.84,-0.2535,8.3,25,267,[25],[3.84],[8.3],False,[5.0],new,0,
ESS,ESS,283.21,5.07,268.11,5.76,-0.2538,8.25,25,268,[25],[5.76],[8.25],False,[5.0],new,0,
SHW,SHW,362.71,2.64,333.05,4.64,-0.2587,7.54,24,269,[24],[4.64],[7.54],False,[4.9],new,0,
ADSK,ADSK,256.07,21.64,245.18,3.41,-0.2632,6.89,24,270,"[2, 3, 21, 23, 24]","[-9.14, -6.69, 3.64, 3.41, 3.41]","[-20.55, -14.99, 7.35, 6.89, 6.89]",True,"[2.2, 2.4, 4.5, 4.8, 4.9]",down,-239,-239.0
MAS,MAS,74.72,9.73,70.52,3.29,-0.2639,6.78,24,271,[24],[3.29],[6.78],False,[4.9],new,0,
NWSA,NWSA,28.49,7.8,26.43,4.34,-0.2646,6.69,23,272,[23],[4.34],[6.69],False,[4.8],new,0,
HD,HD,350.78,15.43,343.49,4.44,-0.2649,6.65,23,273,[23],[4.44],[6.65],False,[4.8],new,0,
GPC,GPC,134.54,8.05,116.84,2.91,-0.2688,6.07,23,274,[23],[2.91],[6.07],False,[4.8],new,0,
EG,EG,369.9,7.22,344.79,3.85,-0.2691,6.04,23,275,[23],[3.85],[6.04],False,[4.8],new,0,
DVN,DVN,45.36,12.27,42.14,2.5,-0.2695,5.97,22,276,[22],[2.5],[5.97],False,[4.6],new,0,
MCO,MCO,478.14,10.99,469.24,3.21,-0.273,5.46,22,277,[22],[3.21],[5.46],False,[4.6],new,0,
ACGL,ACGL,98.25,7.73,95.61,3.58,-0.273,5.46,22,278,"[30, 29, 15, 21, 22]","[7.88, 8.04, 3.21, 3.58, 3.58]","[10.62, 10.83, 4.9, 5.46, 5.46]",False,"[5.6, 5.5, 3.8, 4.5, 4.6]",down,-246,-246.0
TXT,TXT,89.2,11.44,89.02,3.06,-0.2738,5.35,21,279,[21],[3.06],[5.35],False,[4.5],new,0,
PAYX,PAYX,121.18,10.39,105.38,3.16,-0.2753,5.13,21,280,[21],[3.16],[5.13],False,[4.5],new,0,
ABT,ABT,108.62,18.66,104.09,3.32,-0.2757,5.07,21,281,"[3, 3, 18, 18, 21]","[-9.33, -9.84, 3.48, 3.32, 3.32]","[-15.64, -16.48, 5.31, 5.07, 5.07]",False,"[2.4, 2.4, 4.2, 4.2, 4.5]",down,-248,-248.0
CHD,CHD,103.3,1.54,95.45,3.65,-0.2762,5.0,21,282,[21],[3.65],[5.0],False,[4.5],new,0,
EL,EL,87.19,26.59,86.57,1.58,-0.2768,4.91,20,283,[20],[1.58],[4.91],False,[4.4],new,0,
FANG,FANG,198.97,6.38,178.38,2.0,-0.2791,4.58,20,284,[20],[2.0],[4.58],False,[4.4],new,0,
IQV,IQV,241.99,2.25,193.99,1.82,-0.2793,4.55,20,285,[20],[1.82],[4.55],False,[4.4],new,0,
PGR,PGR,213.95,9.83,211.75,2.7,-0.2813,4.26,19,286,[19],[2.7],[4.26],False,[4.3],new,0,
STE,STE,238.91,10.58,226.52,2.63,-0.2832,3.98,19,287,[19],[2.63],[3.98],False,[4.3],new,0,
BALL,BALL,62.58,7.03,58.43,2.27,-0.2848,3.76,19,288,[19],[2.27],[3.76],False,[4.3],new,0,
MTD,MTD,1427.53,5.21,1285.75,1.71,-0.286,3.58,19,289,[19],[1.71],[3.58],False,[4.3],new,0,
OXY,OXY,58.65,11.05,52.01,1.57,-0.2866,3.49,18,290,[18],[1.57],[3.49],False,[4.2],new,0,
BIIB,BIIB,207.13,4.39,185.31,1.48,-0.2898,3.03,18,291,[18],[1.48],[3.03],False,[4.2],new,0,
PPG,PPG,115.48,10.59,110.76,1.36,-0.2933,2.53,18,292,[18],[1.36],[2.53],False,[4.2],new,0,
BDX,BDX,179.63,1.8,154.47,1.11,-0.2973,1.94,18,293,[18],[1.11],[1.94],False,[4.2],new,0,
TECH,TECH,72.12,0.24,60.31,0.56,-0.2998,1.58,17,294,[17],[0.56],[1.58],False,[4.0],new,0,
IP,IP,41.34,13.85,38.61,0.36,-0.3044,0.91,17,295,[17],[0.36],[0.91],False,[4.0],new,0,
EQR,EQR,65.83,6.16,64.04,0.64,-0.3047,0.87,17,296,[17],[0.64],[0.87],False,[4.0],new,0,
TMO,TMO,599.69,6.03,515.64,0.42,-0.3052,0.8,16,297,[16],[0.42],[0.8],False,[3.9],new,0,
AWK,AWK,135.45,5.45,131.2,-0.13,-0.312,-0.19,16,298,"[11, 11, 13, 15, 16]","[-1.77, -2.74, -0.65, -0.13, -0.13]","[-2.49, -3.84, -0.94, -0.19, -0.19]",False,"[3.3, 3.3, 3.6, 3.8, 3.9]",down,-264,-264.0
RVTY,RVTY,116.02,1.33,100.92,-0.48,-0.3184,-1.13,16,299,[16],[-0.48],[-1.13],False,[3.9],new,0,
IR,IR,86.63,12.24,81.51,-0.81,-0.3221,-1.66,15,300,[15],[-0.81],[-1.66],False,[3.8],new,0,
CPT,CPT,109.08,7.23,107.19,-1.26,-0.3221,-1.65,15,301,[15],[-1.26],[-1.65],False,[3.8],new,0,
UDR,UDR,37.66,8.35,37.35,-1.29,-0.3227,-1.75,15,302,[15],[-1.29],[-1.75],False,[3.8],new,0,
AES,AES,14.73,12.67,14.05,-0.74,-0.3243,-1.98,15,303,"[44, 45, 10, 13, 15]","[9.42, 9.49, -0.75, -0.74, -0.74]","[20.19, 20.34, -2.02, -1.98, -1.98]",False,"[7.3, 7.4, 3.2, 3.6, 3.8]",down,-268,-268.0
JKHY,JKHY,155.08,18.82,154.13,-1.3,-0.3245,-2.0,14,304,[14],[-1.3],[-2.0],False,[3.7],new,0,
KVUE,KVUE,19.03,9.14,18.15,-1.12,-0.3246,-2.02,14,305,[14],[-1.12],[-2.02],False,[3.7],new,0,
EXR,EXR,146.66,4.05,141.41,-1.6,-0.3279,-2.5,14,306,[14],[-1.6],[-2.5],False,[3.7],new,0,
AMCR,AMCR,47.11,4.07,42.07,-1.56,-0.3301,-2.82,14,307,"[17, 17, 8, 10, 14]","[1.44, 1.09, -1.72, -1.56, -1.56]","[3.02, 2.27, -3.11, -2.82, -2.82]",False,"[4.0, 4.0, 3.0, 3.2, 3.7]",down,-271,-271.0
OMC,OMC,84.65,1.82,76.6,-1.59,-0.3333,-3.29,13,308,[13],[-1.59],[-3.29],False,[3.6],new,0,
CL,CL,93.15,4.92,87.49,-2.65,-0.3356,-3.61,13,309,[13],[-2.65],[-3.61],False,[3.6],new,0,
HPQ,HPQ,29.8,0.83,23.24,-1.46,-0.3359,-3.65,13,310,[13],[-1.46],[-3.65],False,[3.6],new,0,
PCG,PCG,17.04,10.32,16.75,-2.91,-0.3456,-5.06,12,311,[12],[-2.91],[-5.06],False,[3.4],new,0,
UPS,UPS,104.72,11.04,102.91,-2.73,-0.3469,-5.25,12,312,[12],[-2.73],[-5.25],False,[3.4],new,0,
MAA,MAA,132.34,5.85,131.82,-4.23,-0.3472,-5.3,12,313,[12],[-4.23],[-5.3],False,[3.4],new,0,
MDLZ,MDLZ,61.53,5.32,59.5,-3.87,-0.3484,-5.47,12,314,[12],[-3.87],[-5.47],False,[3.4],new,0,
AVB,AVB,183.84,5.96,181.95,-4.25,-0.3501,-5.72,11,315,[11],[-4.25],[-5.72],False,[3.3],new,0,
MHK,MHK,135.65,2.93,113.36,-2.45,-0.3519,-5.98,11,316,[11],[-2.45],[-5.98],False,[3.3],new,0,
PYPL,PYPL,59.07,21.74,52.57,-2.45,-0.3528,-6.11,11,317,[11],[-2.45],[-6.11],False,[3.3],new,0,
LW,LW,51.81,19.76,47.28,-2.3,-0.353,-6.15,10,318,[10],[-2.3],[-6.15],False,[3.2],new,0,
ZBH,ZBH,97.78,8.26,91.4,-3.63,-0.3576,-6.8,10,319,[10],[-3.63],[-6.8],False,[3.2],new,0,
IFF,IFF,85.09,3.38,74.16,-3.57,-0.3608,-7.27,10,320,[10],[-3.57],[-7.27],False,[3.2],new,0,
VLTO,VLTO,97.11,11.05,93.02,-5.77,-0.3654,-7.94,10,321,[10],[-5.77],[-7.94],False,[3.2],new,0,
INVH,INVH,29.89,2.29,28.3,-6.28,-0.3684,-8.38,9,322,[9],[-6.28],[-8.38],False,[3.1],new,0,
AJG,AJG,252.43,17.96,240.24,-5.1,-0.3702,-8.63,9,323,"[5, 4, 5, 8, 9]","[-5.86, -7.13, -5.39, -5.1, -5.1]","[-11.07, -13.48, -9.12, -8.63, -8.63]",False,"[2.6, 2.5, 2.6, 3.0, 3.1]",down,-286,-286.0
EIX,EIX,67.83,15.61,67.53,-4.65,-0.3702,-8.63,9,324,[9],[-4.65],[-8.63],False,[3.1],new,0,
AVY,AVY,178.35,8.64,168.6,-6.9,-0.3827,-10.45,8,325,[8],[-6.9],[-10.45],False,[3.0],new,0,
WY,WY,25.29,5.06,24.3,-6.27,-0.3842,-10.67,8,326,[8],[-6.27],[-10.67],False,[3.0],new,0,
GEHC,GEHC,72.94,17.14,70.42,-5.05,-0.3874,-11.13,8,327,[8],[-5.05],[-11.13],False,[3.0],new,0,
CNC,CNC,66.57,3.13,52.14,-3.66,-0.3936,-12.03,8,328,[8],[-3.66],[-12.03],False,[3.0],new,0,
GPN,GPN,86.13,3.05,75.93,-4.81,-0.3948,-12.21,7,329,[7],[-4.81],[-12.21],False,[2.8],new,0,
WDAY,WDAY,184.19,25.64,161.25,-4.56,-0.397,-12.53,7,330,[7],[-4.56],[-12.53],False,[2.8],new,0,
HRL,HRL,24.7,11.12,23.69,-8.14,-0.4044,-13.59,7,331,[7],[-8.14],[-13.59],False,[2.8],new,0,
KMB,KMB,108.02,16.78,105.52,-10.23,-0.4149,-15.12,6,332,[6],[-10.23],[-15.12],False,[2.7],new,0,
CZR,CZR,30.07,1.12,27.45,-5.06,-0.4156,-15.22,6,333,[6],[-5.06],[-15.22],False,[2.7],new,0,
EMN,EMN,73.42,7.64,70.32,-6.88,-0.4175,-15.5,6,334,[6],[-6.88],[-15.5],False,[2.7],new,0,
COO,COO,76.32,9.49,72.03,-7.95,-0.4217,-16.1,6,335,[6],[-7.95],[-16.1],False,[2.7],new,0,
ALGN,ALGN,176.04,10.87,171.51,-5.88,-0.4318,-17.57,5,336,"[52, 3, 5, 5]","[10.01, -5.95, -5.88, -5.88]","[25.14, -17.77, -17.57, -17.57]",False,"[8.2, 2.4, 2.6, 2.6]",down,-298,-298.0
CLX,CLX,107.7,14.24,103.88,-10.95,-0.4347,-17.99,5,337,[5],[-10.95],[-17.99],False,[2.6],new,0,
KHC,KHC,24.93,9.74,24.06,-11.24,-0.4348,-18.01,5,338,[5],[-11.24],[-18.01],False,[2.6],new,0,
KMX,KMX,58.78,5.45,49.16,-6.76,-0.4493,-20.1,5,339,[5],[-6.76],[-20.1],False,[2.6],new,0,
DHR,DHR,209.37,13.14,197.12,-10.67,-0.453,-20.65,4,340,[4],[-10.67],[-20.65],False,[2.5],new,0,
ROP,ROP,403.89,24.62,387.01,-13.57,-0.4568,-21.19,4,341,[4],[-13.57],[-21.19],False,[2.5],new,0,
ELV,ELV,397.7,6.82,363.43,-9.6,-0.4593,-21.56,4,342,[4],[-9.6],[-21.56],False,[2.5],new,0,
BAX,BAX,27.78,2.01,21.41,-8.47,-0.4648,-22.36,3,343,[3],[-8.47],[-22.36],False,[2.4],new,0,
LYB,LYB,62.65,23.15,60.45,-9.5,-0.4778,-24.25,3,344,[3],[-9.5],[-24.25],False,[2.4],new,0,
UNH,UNH,408.74,6.33,366.05,-9.17,-0.4786,-24.36,3,345,[3],[-9.17],[-24.36],False,[2.4],new,0,
MRNA,MRNA,59.81,26.88,49.14,-6.16,-0.4928,-26.42,3,346,[3],[-6.16],[-26.42],False,[2.4],new,0,
FDS,FDS,284.12,25.45,262.01,-11.59,-0.4936,-26.54,2,347,[2],[-11.59],[-26.54],False,[2.2],new,0,
REGN,REGN,808.05,0.25,692.85,-11.95,-0.4991,-27.33,2,348,[2],[-11.95],[-27.33],False,[2.2],new,0,
SWKS,SWKS,68.79,17.54,65.34,-9.08,-0.5006,-27.55,2,349,[2],[-9.08],[-27.55],False,[2.2],new,0,
MKTX,MKTX,162.5,15.6,154.26,-13.11,-0.5079,-28.61,1,350,[1],[-13.11],[-28.61],False,[2.1],new,0,
CDW,CDW,136.43,18.87,136.0,-13.86,-0.5421,-33.58,1,351,[1],[-13.86],[-33.58],False,[2.1],new,0,
MOH,MOH,198.84,18.13,191.92,-12.32,-0.5941,-41.11,1,352,[1],[-12.32],[-41.11],False,[2.1],new,0,
ADBE,ADBE,272.96,25.72,272.64,-21.22,-0.6456,-48.59,1,353,"[3, 1]","[-21.22, -21.22]","[-48.59, -48.59]",False,"[2.4, 2.1]",down,-314,-314.0
IT,IT,193.17,26.85,191.22,-20.24,-0.72,-59.38,0,354,[0],[-20.24],[-59.38],False,[2.0],new,0,
